--------------------------------------------------------
--  File created - Pondělí-prosince-12-2016   
--------------------------------------------------------
--------------------------------------------------------
--  DDL for Table FOTOGRAFIE
--------------------------------------------------------
DROP INDEX mapa_index;
DROP INDEX fotografie_index;

DROP TABLE fotografie;
DROP TABLE incident;
DROP TABLE stanice;
DROP TABLE linka;
DROP TABLE obvod;
DROP TABLE mapa;
DROP TABLE MDRT_4DDFF$;

DROP SEQUENCE "MAPA_SEQ";
DROP SEQUENCE "LINKA_SEQ";
DROP SEQUENCE "STANICE_SEQ";
DROP SEQUENCE "OBVOD_SEQ";
DROP SEQUENCE "INCIDENT_SEQ";
DROP SEQUENCE "FOTOGRAFIE_SEQ";

  CREATE TABLE "FOTOGRAFIE" 
   (	"ID" NUMBER, 
	"INCIDENT" NUMBER, 
	"FOTO" "ORDSYS"."ORDIMAGE" , 
	"FOTO_SI" "ORDSYS"."SI_STILLIMAGE" , 
	"FOTO_AC" "ORDSYS"."SI_AVERAGECOLOR" , 
	"FOTO_CH" "ORDSYS"."SI_COLORHISTOGRAM" , 
	"FOTO_PC" "ORDSYS"."SI_POSITIONALCOLOR" , 
	"FOTO_TX" "ORDSYS"."SI_TEXTURE" 
   ) SEGMENT CREATION IMMEDIATE 
  PCTFREE 10 PCTUSED 40 INITRANS 1 MAXTRANS 255 
 NOCOMPRESS LOGGING
  STORAGE(INITIAL 65536 NEXT 1048576 MINEXTENTS 1 MAXEXTENTS 2147483645
  PCTINCREASE 0 FREELISTS 1 FREELIST GROUPS 1
  BUFFER_POOL DEFAULT FLASH_CACHE DEFAULT CELL_FLASH_CACHE DEFAULT)
  TABLESPACE "STUDENTS" 
 LOB ("FOTO"."SOURCE"."LOCALDATA") STORE AS SECUREFILE (
  TABLESPACE "STUDENTS" ENABLE STORAGE IN ROW CHUNK 8192
  NOCACHE LOGGING  NOCOMPRESS  KEEP_DUPLICATES 
  STORAGE(INITIAL 106496 NEXT 1048576 MINEXTENTS 1 MAXEXTENTS 2147483645
  PCTINCREASE 0
  BUFFER_POOL DEFAULT FLASH_CACHE DEFAULT CELL_FLASH_CACHE DEFAULT)) 
 LOB ("FOTO_SI"."CONTENT_SI"."LOCALDATA") STORE AS SECUREFILE (
  TABLESPACE "STUDENTS" ENABLE STORAGE IN ROW CHUNK 8192
  NOCACHE LOGGING  NOCOMPRESS  KEEP_DUPLICATES 
  STORAGE(INITIAL 106496 NEXT 1048576 MINEXTENTS 1 MAXEXTENTS 2147483645
  PCTINCREASE 0
  BUFFER_POOL DEFAULT FLASH_CACHE DEFAULT CELL_FLASH_CACHE DEFAULT)) 
 VARRAY "FOTO_SI"."COLORSLIST_ORA" STORE AS SECUREFILE LOB 
  ( TABLESPACE "STUDENTS" ENABLE STORAGE IN ROW CHUNK 8192
  CACHE  NOCOMPRESS  KEEP_DUPLICATES 
  STORAGE(INITIAL 106496 NEXT 1048576 MINEXTENTS 1 MAXEXTENTS 2147483645
  PCTINCREASE 0
  BUFFER_POOL DEFAULT FLASH_CACHE DEFAULT CELL_FLASH_CACHE DEFAULT)) 
 VARRAY "FOTO_SI"."COLORPOSITIONS_ORA" STORE AS SECUREFILE LOB 
  ( TABLESPACE "STUDENTS" ENABLE STORAGE IN ROW CHUNK 8192
  CACHE  NOCOMPRESS  KEEP_DUPLICATES 
  STORAGE(INITIAL 106496 NEXT 1048576 MINEXTENTS 1 MAXEXTENTS 2147483645
  PCTINCREASE 0
  BUFFER_POOL DEFAULT FLASH_CACHE DEFAULT CELL_FLASH_CACHE DEFAULT)) 
 VARRAY "FOTO_CH"."SI_COLORSLIST" STORE AS SECUREFILE LOB 
  ( TABLESPACE "STUDENTS" ENABLE STORAGE IN ROW CHUNK 8192
  CACHE  NOCOMPRESS  KEEP_DUPLICATES 
  STORAGE(INITIAL 106496 NEXT 1048576 MINEXTENTS 1 MAXEXTENTS 2147483645
  PCTINCREASE 0
  BUFFER_POOL DEFAULT FLASH_CACHE DEFAULT CELL_FLASH_CACHE DEFAULT)) 
 VARRAY "FOTO_PC"."SI_COLORPOSITIONS" STORE AS SECUREFILE LOB 
  ( TABLESPACE "STUDENTS" ENABLE STORAGE IN ROW CHUNK 8192
  CACHE  NOCOMPRESS  KEEP_DUPLICATES 
  STORAGE(INITIAL 106496 NEXT 1048576 MINEXTENTS 1 MAXEXTENTS 2147483645
  PCTINCREASE 0
  BUFFER_POOL DEFAULT FLASH_CACHE DEFAULT CELL_FLASH_CACHE DEFAULT)) ;
--------------------------------------------------------
--  DDL for Table INCIDENT
--------------------------------------------------------

  CREATE TABLE "INCIDENT" 
   (	"ID" NUMBER, 
	"STANICE" NUMBER, 
	"UDALOST" VARCHAR2(32 BYTE), 
	"ZPOZDENI" NUMBER, 
	"POPIS" VARCHAR2(1000 BYTE), 
	"DATUM" DATE, 
	"PRICINA" VARCHAR2(32 BYTE), 
	"ZRANENI" VARCHAR2(32 BYTE), 
	"POHLAVI" VARCHAR2(32 BYTE), 
	"VEK" NUMBER
   ) SEGMENT CREATION IMMEDIATE 
  PCTFREE 10 PCTUSED 40 INITRANS 1 MAXTRANS 255 
 NOCOMPRESS LOGGING
  STORAGE(INITIAL 65536 NEXT 1048576 MINEXTENTS 1 MAXEXTENTS 2147483645
  PCTINCREASE 0 FREELISTS 1 FREELIST GROUPS 1
  BUFFER_POOL DEFAULT FLASH_CACHE DEFAULT CELL_FLASH_CACHE DEFAULT)
  TABLESPACE "STUDENTS" ;
--------------------------------------------------------
--  DDL for Table LINKA
--------------------------------------------------------

  CREATE TABLE "LINKA" 
   (	"ID" NUMBER, 
	"NAZEV" VARCHAR2(32 BYTE), 
	"ID_OBJEKTU" NUMBER
   ) SEGMENT CREATION IMMEDIATE 
  PCTFREE 10 PCTUSED 40 INITRANS 1 MAXTRANS 255 
 NOCOMPRESS LOGGING
  STORAGE(INITIAL 65536 NEXT 1048576 MINEXTENTS 1 MAXEXTENTS 2147483645
  PCTINCREASE 0 FREELISTS 1 FREELIST GROUPS 1
  BUFFER_POOL DEFAULT FLASH_CACHE DEFAULT CELL_FLASH_CACHE DEFAULT)
  TABLESPACE "STUDENTS" ;
--------------------------------------------------------
--  DDL for Table MAPA
--------------------------------------------------------

  CREATE TABLE "MAPA" 
   (	"ID" NUMBER, 
	"GEOMETRIE" "SDO_GEOMETRY", 
	"BARVA" VARCHAR2(7 BYTE)
   ) SEGMENT CREATION IMMEDIATE 
  PCTFREE 10 PCTUSED 40 INITRANS 1 MAXTRANS 255 
 NOCOMPRESS LOGGING
  STORAGE(INITIAL 65536 NEXT 1048576 MINEXTENTS 1 MAXEXTENTS 2147483645
  PCTINCREASE 0 FREELISTS 1 FREELIST GROUPS 1
  BUFFER_POOL DEFAULT FLASH_CACHE DEFAULT CELL_FLASH_CACHE DEFAULT)
  TABLESPACE "STUDENTS" 
 VARRAY "GEOMETRIE"."SDO_ELEM_INFO" STORE AS SECUREFILE LOB 
  ( TABLESPACE "STUDENTS" ENABLE STORAGE IN ROW CHUNK 8192
  CACHE  NOCOMPRESS  KEEP_DUPLICATES 
  STORAGE(INITIAL 106496 NEXT 1048576 MINEXTENTS 1 MAXEXTENTS 2147483645
  PCTINCREASE 0
  BUFFER_POOL DEFAULT FLASH_CACHE DEFAULT CELL_FLASH_CACHE DEFAULT)) 
 VARRAY "GEOMETRIE"."SDO_ORDINATES" STORE AS SECUREFILE LOB 
  ( TABLESPACE "STUDENTS" ENABLE STORAGE IN ROW CHUNK 8192
  CACHE  NOCOMPRESS  KEEP_DUPLICATES 
  STORAGE(INITIAL 106496 NEXT 1048576 MINEXTENTS 1 MAXEXTENTS 2147483645
  PCTINCREASE 0
  BUFFER_POOL DEFAULT FLASH_CACHE DEFAULT CELL_FLASH_CACHE DEFAULT)) ;
--------------------------------------------------------
--  DDL for Table MDRT_4DDFF$
--------------------------------------------------------

  CREATE TABLE "MDRT_4DDFF$" 
   (	"NODE_ID" NUMBER, 
	"NODE_LEVEL" NUMBER, 
	"INFO" BLOB
   ) SEGMENT CREATION IMMEDIATE 
  PCTFREE 2 PCTUSED 40 INITRANS 1 MAXTRANS 255 
 NOCOMPRESS LOGGING
  STORAGE(INITIAL 65536 NEXT 1048576 MINEXTENTS 1 MAXEXTENTS 2147483645
  PCTINCREASE 0 FREELISTS 1 FREELIST GROUPS 1
  BUFFER_POOL DEFAULT FLASH_CACHE DEFAULT CELL_FLASH_CACHE DEFAULT)
  TABLESPACE "STUDENTS" 
 LOB ("INFO") STORE AS SECUREFILE (
  TABLESPACE "STUDENTS" ENABLE STORAGE IN ROW CHUNK 8192
  NOCACHE LOGGING  NOCOMPRESS  KEEP_DUPLICATES 
  STORAGE(INITIAL 106496 NEXT 1048576 MINEXTENTS 1 MAXEXTENTS 2147483645
  PCTINCREASE 0
  BUFFER_POOL DEFAULT FLASH_CACHE DEFAULT CELL_FLASH_CACHE DEFAULT)) 
  MONITORING ;
--------------------------------------------------------
--  DDL for Table OBVOD
--------------------------------------------------------

  CREATE TABLE "OBVOD" 
   (	"ID" NUMBER, 
	"NAZEV" VARCHAR2(32 BYTE), 
	"ID_OBJEKTU" NUMBER
   ) SEGMENT CREATION IMMEDIATE 
  PCTFREE 10 PCTUSED 40 INITRANS 1 MAXTRANS 255 
 NOCOMPRESS LOGGING
  STORAGE(INITIAL 65536 NEXT 1048576 MINEXTENTS 1 MAXEXTENTS 2147483645
  PCTINCREASE 0 FREELISTS 1 FREELIST GROUPS 1
  BUFFER_POOL DEFAULT FLASH_CACHE DEFAULT CELL_FLASH_CACHE DEFAULT)
  TABLESPACE "STUDENTS" ;
--------------------------------------------------------
--  DDL for Table STANICE
--------------------------------------------------------

  CREATE TABLE "STANICE" 
   (	"ID" NUMBER, 
	"NAZEV" VARCHAR2(32 BYTE), 
	"ID_OBJEKTU" NUMBER
   ) SEGMENT CREATION IMMEDIATE 
  PCTFREE 10 PCTUSED 40 INITRANS 1 MAXTRANS 255 
 NOCOMPRESS LOGGING
  STORAGE(INITIAL 65536 NEXT 1048576 MINEXTENTS 1 MAXEXTENTS 2147483645
  PCTINCREASE 0 FREELISTS 1 FREELIST GROUPS 1
  BUFFER_POOL DEFAULT FLASH_CACHE DEFAULT CELL_FLASH_CACHE DEFAULT)
  TABLESPACE "STUDENTS" ;
--------------------------------------------------------
--  DDL for Sequence FOTOGRAFIE_SEQ
--------------------------------------------------------

   CREATE SEQUENCE  "FOTOGRAFIE_SEQ"  MINVALUE 1 MAXVALUE 9999999999999999999999999999 INCREMENT BY 1 START WITH 61 CACHE 20 NOORDER  NOCYCLE  NOPARTITION ;
--------------------------------------------------------
--  DDL for Sequence INCIDENT_SEQ
--------------------------------------------------------

   CREATE SEQUENCE  "INCIDENT_SEQ"  MINVALUE 1 MAXVALUE 9999999999999999999999999999 INCREMENT BY 1 START WITH 21 CACHE 20 NOORDER  NOCYCLE  NOPARTITION ;
--------------------------------------------------------
--  DDL for Sequence LINKA_SEQ
--------------------------------------------------------

   CREATE SEQUENCE  "LINKA_SEQ"  MINVALUE 1 MAXVALUE 9999999999999999999999999999 INCREMENT BY 1 START WITH 21 CACHE 20 NOORDER  NOCYCLE  NOPARTITION ;
--------------------------------------------------------
--  DDL for Sequence MAPA_SEQ
--------------------------------------------------------

   CREATE SEQUENCE  "MAPA_SEQ"  MINVALUE 1 MAXVALUE 9999999999999999999999999999 INCREMENT BY 1 START WITH 41 CACHE 20 NOORDER  NOCYCLE  NOPARTITION ;
--------------------------------------------------------
--  DDL for Sequence MDRS_4DDFF$
--------------------------------------------------------

   CREATE SEQUENCE  "MDRS_4DDFF$"  MINVALUE 1 MAXVALUE 9999999999999999999999999999 INCREMENT BY 1 START WITH 101 CACHE 100 ORDER  NOCYCLE  NOPARTITION ;
--------------------------------------------------------
--  DDL for Sequence OBVOD_SEQ
--------------------------------------------------------

   CREATE SEQUENCE  "OBVOD_SEQ"  MINVALUE 1 MAXVALUE 9999999999999999999999999999 INCREMENT BY 1 START WITH 21 CACHE 20 NOORDER  NOCYCLE  NOPARTITION ;
--------------------------------------------------------
--  DDL for Sequence OSOBA_SEQ
--------------------------------------------------------

   CREATE SEQUENCE  "OSOBA_SEQ"  MINVALUE 1 MAXVALUE 9999999999999999999999999999 INCREMENT BY 1 START WITH 1 CACHE 20 NOORDER  NOCYCLE  NOPARTITION ;
--------------------------------------------------------
--  DDL for Sequence STANICE_SEQ
--------------------------------------------------------

   CREATE SEQUENCE  "STANICE_SEQ"  MINVALUE 1 MAXVALUE 9999999999999999999999999999 INCREMENT BY 1 START WITH 21 CACHE 20 NOORDER  NOCYCLE  NOPARTITION ;
REM INSERTING into FOTOGRAFIE
SET DEFINE OFF;
Insert into FOTOGRAFIE (ID,INCIDENT,FOTO,FOTO_SI,FOTO_AC,FOTO_CH,FOTO_PC,FOTO_TX) values ('36','9',ORDSYS.ORDIMAGE(ORDSYS.ORDSOURCE('oracle.sql.BLOB@4b3f3518',NULL,NULL,NULL,'2016-12-12 16:42:12.0',1),349,620,149611,'JFIF','24BITRGB','JPEG','image/jpeg'),ORDSYS.SI_STILLIMAGE(ORDSYS.ORDSOURCE('oracle.sql.BLOB@3bf627e5',NULL,NULL,NULL,'2016-12-12 16:42:12.0',1),149611,'JFIF',349,620,'image/jpeg','24BITRGB','JPEG',NULL,NULL,NULL,NULL,NULL,NULL),ORDSYS.SI_AVERAGECOLOR(ORDSYS.SI_COLOR(81,67,50)),ORDSYS.SI_COLORHISTOGRAM(ORDSYS.COLORSLIST(ORDSYS.SI_COLOR(44,37,30),ORDSYS.SI_COLOR(106,83,56),ORDSYS.SI_COLOR(136,123,93),ORDSYS.SI_COLOR(97,68,33),ORDSYS.SI_COLOR(153,141,106),ORDSYS.SI_COLOR(133,137,127),ORDSYS.SI_COLOR(124,111,94),ORDSYS.SI_COLOR(128,89,44),ORDSYS.SI_COLOR(223,183,85),ORDSYS.SI_COLOR(50,41,30),ORDSYS.SI_COLOR(73,60,39),ORDSYS.SI_COLOR(176,141,76),ORDSYS.SI_COLOR(119,79,30),ORDSYS.SI_COLOR(93,63,30),ORDSYS.SI_COLOR(177,174,158),ORDSYS.SI_COLOR(235,54,58),ORDSYS.SI_COLOR(165,123,51),ORDSYS.SI_COLOR(249,112,112),ORDSYS.SI_COLOR(153,132,103),ORDSYS.SI_COLOR(149,104,43),ORDSYS.SI_COLOR(185,146,74),ORDSYS.SI_COLOR(92,75,49),ORDSYS.SI_COLOR(193,194,174),ORDSYS.SI_COLOR(96,146,195),ORDSYS.SI_COLOR(229,218,169),ORDSYS.SI_COLOR(129,90,37),ORDSYS.SI_COLOR(124,81,29),ORDSYS.SI_COLOR(125,111,88),ORDSYS.SI_COLOR(151,138,102),ORDSYS.SI_COLOR(42,76,104),ORDSYS.SI_COLOR(175,157,104),ORDSYS.SI_COLOR(139,94,76),ORDSYS.SI_COLOR(153,139,106),ORDSYS.SI_COLOR(115,107,97),ORDSYS.SI_COLOR(190,48,55),ORDSYS.SI_COLOR(130,145,156),ORDSYS.SI_COLOR(53,58,64),ORDSYS.SI_COLOR(192,160,115),ORDSYS.SI_COLOR(81,56,39),ORDSYS.SI_COLOR(128,91,50),ORDSYS.SI_COLOR(187,175,135),ORDSYS.SI_COLOR(77,75,62),ORDSYS.SI_COLOR(234,217,153),ORDSYS.SI_COLOR(215,187,114),ORDSYS.SI_COLOR(163,150,122),ORDSYS.SI_COLOR(137,92,31),ORDSYS.SI_COLOR(191,187,160),ORDSYS.SI_COLOR(102,93,76),ORDSYS.SI_COLOR(106,72,31),ORDSYS.SI_COLOR(183,189,194),ORDSYS.SI_COLOR(146,117,71),ORDSYS.SI_COLOR(94,79,53),ORDSYS.SI_COLOR(249,249,232),ORDSYS.SI_COLOR(159,137,66),ORDSYS.SI_COLOR(115,85,53),ORDSYS.SI_COLOR(107,68,24),ORDSYS.SI_COLOR(110,47,34),ORDSYS.SI_COLOR(98,122,65),ORDSYS.SI_COLOR(161,118,46),ORDSYS.SI_COLOR(45,113,172),ORDSYS.SI_COLOR(56,115,159),ORDSYS.SI_COLOR(190,170,130),ORDSYS.SI_COLOR(87,62,31),ORDSYS.SI_COLOR(111,97,82),ORDSYS.SI_COLOR(168,121,45),ORDSYS.SI_COLOR(249,234,161),ORDSYS.SI_COLOR(223,190,154),ORDSYS.SI_COLOR(183,144,68),ORDSYS.SI_COLOR(82,74,52),ORDSYS.SI_COLOR(94,64,30),ORDSYS.SI_COLOR(150,129,102),ORDSYS.SI_COLOR(102,85,56),ORDSYS.SI_COLOR(144,103,35),ORDSYS.SI_COLOR(186,162,114),ORDSYS.SI_COLOR(109,73,26),ORDSYS.SI_COLOR(174,131,49),ORDSYS.SI_COLOR(252,251,238),ORDSYS.SI_COLOR(131,105,75),ORDSYS.SI_COLOR(120,87,49),ORDSYS.SI_COLOR(31,59,83),ORDSYS.SI_COLOR(123,77,22),ORDSYS.SI_COLOR(94,137,179),ORDSYS.SI_COLOR(162,126,59),ORDSYS.SI_COLOR(97,77,53),ORDSYS.SI_COLOR(81,50,18),ORDSYS.SI_COLOR(142,134,117),ORDSYS.SI_COLOR(89,65,28),ORDSYS.SI_COLOR(138,100,55),ORDSYS.SI_COLOR(151,35,38),ORDSYS.SI_COLOR(173,109,64),ORDSYS.SI_COLOR(245,221,131),ORDSYS.SI_COLOR(199,195,166),ORDSYS.SI_COLOR(180,141,65),ORDSYS.SI_COLOR(210,189,124),ORDSYS.SI_COLOR(136,82,62),ORDSYS.SI_COLOR(162,111,52),ORDSYS.SI_COLOR(215,210,166),ORDSYS.SI_COLOR(66,40,17),ORDSYS.SI_COLOR(152,115,64),ORDSYS.SI_COLOR(127,86,31)),ORDSYS.COLORFREQUENCIESLIST(139598,8927.05,7028.47,6592.53,5702.85,5395.02,4800.71,3339.86,3231.32,2973.31,2715.3,2674.38,2284.7,1905.69,1772.24,1672.6,1444.84,1423.49,1368.33,1339.86,1302.49,1290.04,1286.48,1170.82,1129.89,1072.95,1042.7,978.648,909.253,905.694,813.167,813.167,749.11,733.096,720.641,708.185,690.391,677.936,676.157,670.819,665.48,661.922,642.349,629.893,622.776,617.438,610.32,572.954,544.484,423.488,416.37,416.37,407.473,398.577,382.562,380.783,359.431,355.872,352.313,343.416,336.299,314.947,309.609,306.05,293.594,293.594,291.815,270.463,258.007,256.228,247.331,243.772,241.993,240.214,236.655,225.979,224.199,222.42,215.302,213.523,211.744,211.744,211.744,209.964,206.406,201.068,201.068,199.288,197.509,193.95,190.391,186.833,185.053,183.274,174.377,170.819,170.819,165.48,160.142,153.025)),ORDSYS.SI_POSITIONALCOLOR(ORDSYS.COLORPOSITIONS(ORDSYS.SI_COLOR(128,91,50),ORDSYS.SI_COLOR(81,56,39),ORDSYS.SI_COLOR(192,160,115),ORDSYS.SI_COLOR(42,76,104),ORDSYS.SI_COLOR(53,58,64),ORDSYS.SI_COLOR(0,0,0),ORDSYS.SI_COLOR(124,81,29),ORDSYS.SI_COLOR(130,145,156),ORDSYS.SI_COLOR(0,0,0))),ORDSYS.SI_TEXTURE(ORDSYS.TEXTUREENCODING(20649,4284,5390,3493,7489)));
Insert into FOTOGRAFIE (ID,INCIDENT,FOTO,FOTO_SI,FOTO_AC,FOTO_CH,FOTO_PC,FOTO_TX) values ('37','9',ORDSYS.ORDIMAGE(ORDSYS.ORDSOURCE('oracle.sql.BLOB@22353f57',NULL,NULL,NULL,'2016-12-12 16:42:14.0',1),772,1024,206893,'JFIF','24BITRGB','JPEG-PROGRESSIVE','image/jpeg'),ORDSYS.SI_STILLIMAGE(ORDSYS.ORDSOURCE('oracle.sql.BLOB@795cafed',NULL,NULL,NULL,'2016-12-12 16:42:14.0',1),206893,'JFIF',772,1024,'image/jpeg','24BITRGB','JPEG-PROGRESSIVE',NULL,NULL,NULL,NULL,NULL,NULL),ORDSYS.SI_AVERAGECOLOR(ORDSYS.SI_COLOR(144,144,142)),ORDSYS.SI_COLORHISTOGRAM(ORDSYS.COLORSLIST(ORDSYS.SI_COLOR(45,45,42),ORDSYS.SI_COLOR(165,165,165),ORDSYS.SI_COLOR(240,239,238),ORDSYS.SI_COLOR(236,235,234),ORDSYS.SI_COLOR(167,167,165),ORDSYS.SI_COLOR(98,100,99),ORDSYS.SI_COLOR(161,161,160),ORDSYS.SI_COLOR(232,229,227),ORDSYS.SI_COLOR(105,106,104),ORDSYS.SI_COLOR(66,64,61),ORDSYS.SI_COLOR(22,21,18),ORDSYS.SI_COLOR(228,227,226),ORDSYS.SI_COLOR(14,11,7),ORDSYS.SI_COLOR(22,20,17),ORDSYS.SI_COLOR(71,72,70),ORDSYS.SI_COLOR(44,42,38),ORDSYS.SI_COLOR(145,145,143),ORDSYS.SI_COLOR(172,171,170),ORDSYS.SI_COLOR(42,42,40),ORDSYS.SI_COLOR(232,229,226),ORDSYS.SI_COLOR(159,159,157),ORDSYS.SI_COLOR(175,174,172),ORDSYS.SI_COLOR(99,99,98),ORDSYS.SI_COLOR(182,181,178),ORDSYS.SI_COLOR(22,21,17),ORDSYS.SI_COLOR(172,172,172),ORDSYS.SI_COLOR(100,102,101),ORDSYS.SI_COLOR(45,42,36),ORDSYS.SI_COLOR(213,212,212),ORDSYS.SI_COLOR(153,152,149),ORDSYS.SI_COLOR(108,109,107),ORDSYS.SI_COLOR(185,185,183),ORDSYS.SI_COLOR(54,53,50),ORDSYS.SI_COLOR(220,219,217),ORDSYS.SI_COLOR(134,135,133),ORDSYS.SI_COLOR(114,114,113),ORDSYS.SI_COLOR(192,191,190),ORDSYS.SI_COLOR(213,211,210),ORDSYS.SI_COLOR(115,115,112),ORDSYS.SI_COLOR(137,137,135),ORDSYS.SI_COLOR(205,203,200),ORDSYS.SI_COLOR(137,138,136),ORDSYS.SI_COLOR(250,250,249),ORDSYS.SI_COLOR(203,202,203),ORDSYS.SI_COLOR(151,149,145),ORDSYS.SI_COLOR(199,197,194),ORDSYS.SI_COLOR(223,220,218),ORDSYS.SI_COLOR(115,116,116),ORDSYS.SI_COLOR(129,131,130),ORDSYS.SI_COLOR(79,78,76),ORDSYS.SI_COLOR(204,203,202),ORDSYS.SI_COLOR(207,205,204),ORDSYS.SI_COLOR(196,195,195),ORDSYS.SI_COLOR(221,218,215),ORDSYS.SI_COLOR(144,145,144),ORDSYS.SI_COLOR(162,162,161),ORDSYS.SI_COLOR(24,23,21),ORDSYS.SI_COLOR(50,50,47),ORDSYS.SI_COLOR(136,135,131),ORDSYS.SI_COLOR(170,169,167),ORDSYS.SI_COLOR(237,237,236),ORDSYS.SI_COLOR(67,67,65),ORDSYS.SI_COLOR(221,219,219),ORDSYS.SI_COLOR(35,35,33),ORDSYS.SI_COLOR(110,113,112),ORDSYS.SI_COLOR(134,133,131),ORDSYS.SI_COLOR(92,93,92),ORDSYS.SI_COLOR(189,189,189),ORDSYS.SI_COLOR(16,15,13),ORDSYS.SI_COLOR(117,118,119),ORDSYS.SI_COLOR(227,225,223),ORDSYS.SI_COLOR(208,209,208),ORDSYS.SI_COLOR(153,155,154),ORDSYS.SI_COLOR(71,72,70),ORDSYS.SI_COLOR(178,177,176),ORDSYS.SI_COLOR(100,100,99),ORDSYS.SI_COLOR(102,104,104),ORDSYS.SI_COLOR(111,111,109),ORDSYS.SI_COLOR(88,88,86),ORDSYS.SI_COLOR(107,108,105),ORDSYS.SI_COLOR(161,160,158),ORDSYS.SI_COLOR(127,128,127),ORDSYS.SI_COLOR(129,130,130),ORDSYS.SI_COLOR(100,101,99),ORDSYS.SI_COLOR(162,162,160),ORDSYS.SI_COLOR(140,141,139),ORDSYS.SI_COLOR(159,156,152),ORDSYS.SI_COLOR(227,227,228),ORDSYS.SI_COLOR(169,168,166),ORDSYS.SI_COLOR(88,90,88),ORDSYS.SI_COLOR(111,111,110),ORDSYS.SI_COLOR(168,168,166),ORDSYS.SI_COLOR(83,83,81),ORDSYS.SI_COLOR(141,141,139),ORDSYS.SI_COLOR(119,120,120),ORDSYS.SI_COLOR(105,106,106),ORDSYS.SI_COLOR(16,15,13),ORDSYS.SI_COLOR(192,191,189),ORDSYS.SI_COLOR(225,226,226),ORDSYS.SI_COLOR(185,186,186)),ORDSYS.COLORFREQUENCIESLIST(44154.3,38345.7,36110.4,25993.4,12174.2,8344.42,6441.49,6117.02,6114.36,4747.34,4125,3692.82,3071.81,2760.64,2723.4,2718.09,2480.05,2461.44,2323.14,1700.8,1522.61,1450.8,1394.95,1377.66,1276.6,1043.88,1035.9,1026.6,868.351,861.702,708.777,671.543,659.574,609.043,574.468,492.021,465.426,458.777,453.457,452.128,432.181,428.191,412.234,396.277,372.34,352.394,333.777,319.149,301.862,299.202,293.883,277.926,272.606,261.968,259.309,231.383,226.064,222.074,216.755,214.096,212.766,203.457,192.819,184.84,183.511,179.521,174.202,170.213,148.936,147.606,140.957,136.968,134.309,132.979,128.989,126.33,126.33,117.021,111.702,110.372,102.394,101.064,95.7447,95.7447,94.4149,90.4255,90.4255,90.4255,83.7766,83.7766,83.7766,81.117,77.1277,77.1277,74.4681,71.8085,71.8085,71.8085,69.1489,65.1596)),ORDSYS.SI_POSITIONALCOLOR(ORDSYS.COLORPOSITIONS(ORDSYS.SI_COLOR(114,114,113),ORDSYS.SI_COLOR(172,172,172),ORDSYS.SI_COLOR(185,185,183),ORDSYS.SI_COLOR(213,211,210),ORDSYS.SI_COLOR(192,191,190),ORDSYS.SI_COLOR(228,227,226),ORDSYS.SI_COLOR(108,109,107),ORDSYS.SI_COLOR(137,137,135),ORDSYS.SI_COLOR(0,0,0))),ORDSYS.SI_TEXTURE(ORDSYS.TEXTUREENCODING(34427,1966,8915,4357,19180)));
Insert into FOTOGRAFIE (ID,INCIDENT,FOTO,FOTO_SI,FOTO_AC,FOTO_CH,FOTO_PC,FOTO_TX) values ('38','8',ORDSYS.ORDIMAGE(ORDSYS.ORDSOURCE('oracle.sql.BLOB@4bf9c22b',NULL,NULL,NULL,'2016-12-12 16:43:24.0',1),352,626,35511,'JFIF','24BITRGB','JPEG','image/jpeg'),ORDSYS.SI_STILLIMAGE(ORDSYS.ORDSOURCE('oracle.sql.BLOB@41ba0dbe',NULL,NULL,NULL,'2016-12-12 16:43:24.0',1),35511,'JFIF',352,626,'image/jpeg','24BITRGB','JPEG',NULL,NULL,NULL,NULL,NULL,NULL),ORDSYS.SI_AVERAGECOLOR(ORDSYS.SI_COLOR(60,52,52)),ORDSYS.SI_COLORHISTOGRAM(ORDSYS.COLORSLIST(ORDSYS.SI_COLOR(46,38,42),ORDSYS.SI_COLOR(94,79,59),ORDSYS.SI_COLOR(126,156,153),ORDSYS.SI_COLOR(211,222,218),ORDSYS.SI_COLOR(196,215,197),ORDSYS.SI_COLOR(98,93,78),ORDSYS.SI_COLOR(77,48,45),ORDSYS.SI_COLOR(189,203,183),ORDSYS.SI_COLOR(77,52,44),ORDSYS.SI_COLOR(125,138,134),ORDSYS.SI_COLOR(91,95,85),ORDSYS.SI_COLOR(232,237,237),ORDSYS.SI_COLOR(75,20,29),ORDSYS.SI_COLOR(118,101,79),ORDSYS.SI_COLOR(191,209,202),ORDSYS.SI_COLOR(140,138,130),ORDSYS.SI_COLOR(119,127,115),ORDSYS.SI_COLOR(207,209,205),ORDSYS.SI_COLOR(184,212,210),ORDSYS.SI_COLOR(143,155,142),ORDSYS.SI_COLOR(218,229,225),ORDSYS.SI_COLOR(98,100,89),ORDSYS.SI_COLOR(224,229,227),ORDSYS.SI_COLOR(94,104,103),ORDSYS.SI_COLOR(235,238,240),ORDSYS.SI_COLOR(196,204,204),ORDSYS.SI_COLOR(137,143,131),ORDSYS.SI_COLOR(238,242,244),ORDSYS.SI_COLOR(100,109,102),ORDSYS.SI_COLOR(131,147,152),ORDSYS.SI_COLOR(107,89,85),ORDSYS.SI_COLOR(39,60,52),ORDSYS.SI_COLOR(115,137,133),ORDSYS.SI_COLOR(231,239,243),ORDSYS.SI_COLOR(0,0,0)),ORDSYS.COLORFREQUENCIESLIST(199966,26843.4,3008.9,2412.81,2014.23,2003.56,1838.08,1572.95,1222.42,1080.07,971.53,918.149,556.94,508.897,443.061,439.502,341.637,323.843,249.11,217.082,215.302,188.612,179.715,167.26,156.584,151.246,147.687,133.452,120.996,92.5267,80.0712,64.0569,53.3808,42.7046,0)),ORDSYS.SI_POSITIONALCOLOR(ORDSYS.COLORPOSITIONS(ORDSYS.SI_COLOR(0,0,0),ORDSYS.SI_COLOR(118,101,79),ORDSYS.SI_COLOR(107,89,85),ORDSYS.SI_COLOR(238,242,244),ORDSYS.SI_COLOR(137,143,131),ORDSYS.SI_COLOR(0,0,0),ORDSYS.SI_COLOR(115,137,133),ORDSYS.SI_COLOR(39,60,52),ORDSYS.SI_COLOR(0,0,0))),ORDSYS.SI_TEXTURE(ORDSYS.TEXTUREENCODING(7985,883,3013,581,3513)));
Insert into FOTOGRAFIE (ID,INCIDENT,FOTO,FOTO_SI,FOTO_AC,FOTO_CH,FOTO_PC,FOTO_TX) values ('1','4',ORDSYS.ORDIMAGE(ORDSYS.ORDSOURCE('oracle.sql.BLOB@4afe5d59',NULL,NULL,NULL,'2016-12-12 01:38:06.0',1),NULL,NULL,NULL,NULL,NULL,NULL,NULL),null,null,null,null,null);
Insert into FOTOGRAFIE (ID,INCIDENT,FOTO,FOTO_SI,FOTO_AC,FOTO_CH,FOTO_PC,FOTO_TX) values ('2','4',ORDSYS.ORDIMAGE(ORDSYS.ORDSOURCE('oracle.sql.BLOB@5641b02c',NULL,NULL,NULL,'2016-12-12 01:38:21.0',1),NULL,NULL,NULL,NULL,NULL,NULL,NULL),null,null,null,null,null);
Insert into FOTOGRAFIE (ID,INCIDENT,FOTO,FOTO_SI,FOTO_AC,FOTO_CH,FOTO_PC,FOTO_TX) values ('21','10',ORDSYS.ORDIMAGE(ORDSYS.ORDSOURCE('oracle.sql.BLOB@532cd855',NULL,NULL,NULL,'2016-12-12 16:31:45.0',1),448,640,49722,'JFIF','24BITRGB','JPEG-PROGRESSIVE','image/jpeg'),ORDSYS.SI_STILLIMAGE(ORDSYS.ORDSOURCE('oracle.sql.BLOB@42eaf873',NULL,NULL,NULL,'2016-12-12 16:31:45.0',1),49722,'JFIF',448,640,'image/jpeg','24BITRGB','JPEG-PROGRESSIVE',NULL,NULL,NULL,NULL,NULL,NULL),ORDSYS.SI_AVERAGECOLOR(ORDSYS.SI_COLOR(94,106,93)),ORDSYS.SI_COLORHISTOGRAM(ORDSYS.COLORSLIST(ORDSYS.SI_COLOR(17,35,30),ORDSYS.SI_COLOR(214,221,209),ORDSYS.SI_COLOR(137,149,117),ORDSYS.SI_COLOR(21,33,35),ORDSYS.SI_COLOR(126,155,103),ORDSYS.SI_COLOR(74,103,92),ORDSYS.SI_COLOR(203,214,209),ORDSYS.SI_COLOR(71,52,42),ORDSYS.SI_COLOR(172,186,150),ORDSYS.SI_COLOR(61,78,58),ORDSYS.SI_COLOR(87,115,89),ORDSYS.SI_COLOR(246,247,241),ORDSYS.SI_COLOR(84,112,92),ORDSYS.SI_COLOR(156,178,164),ORDSYS.SI_COLOR(85,115,104),ORDSYS.SI_COLOR(73,83,52),ORDSYS.SI_COLOR(116,95,64),ORDSYS.SI_COLOR(137,169,145),ORDSYS.SI_COLOR(116,149,118),ORDSYS.SI_COLOR(84,110,85),ORDSYS.SI_COLOR(116,39,30),ORDSYS.SI_COLOR(193,198,169),ORDSYS.SI_COLOR(120,138,97),ORDSYS.SI_COLOR(121,118,65),ORDSYS.SI_COLOR(172,195,161),ORDSYS.SI_COLOR(12,27,22),ORDSYS.SI_COLOR(211,154,110),ORDSYS.SI_COLOR(172,128,94),ORDSYS.SI_COLOR(175,139,23),ORDSYS.SI_COLOR(156,133,34),ORDSYS.SI_COLOR(75,105,83),ORDSYS.SI_COLOR(79,102,67),ORDSYS.SI_COLOR(133,158,144),ORDSYS.SI_COLOR(11,33,24),ORDSYS.SI_COLOR(96,104,10),ORDSYS.SI_COLOR(129,152,121),ORDSYS.SI_COLOR(139,157,146),ORDSYS.SI_COLOR(121,115,42),ORDSYS.SI_COLOR(21,38,32),ORDSYS.SI_COLOR(222,125,83),ORDSYS.SI_COLOR(243,229,230),ORDSYS.SI_COLOR(250,246,246),ORDSYS.SI_COLOR(220,135,92),ORDSYS.SI_COLOR(169,148,112),ORDSYS.SI_COLOR(65,88,64),ORDSYS.SI_COLOR(234,139,134),ORDSYS.SI_COLOR(198,98,80),ORDSYS.SI_COLOR(56,66,9),ORDSYS.SI_COLOR(98,132,95),ORDSYS.SI_COLOR(206,163,23),ORDSYS.SI_COLOR(104,41,33),ORDSYS.SI_COLOR(178,145,117),ORDSYS.SI_COLOR(225,200,184),ORDSYS.SI_COLOR(103,133,104),ORDSYS.SI_COLOR(157,165,124),ORDSYS.SI_COLOR(145,88,64),ORDSYS.SI_COLOR(247,211,212),ORDSYS.SI_COLOR(146,137,94),ORDSYS.SI_COLOR(14,47,79),ORDSYS.SI_COLOR(102,130,89),ORDSYS.SI_COLOR(231,193,192),ORDSYS.SI_COLOR(188,205,179),ORDSYS.SI_COLOR(177,125,83),ORDSYS.SI_COLOR(198,140,101),ORDSYS.SI_COLOR(197,208,203),ORDSYS.SI_COLOR(17,49,78),ORDSYS.SI_COLOR(131,152,125),ORDSYS.SI_COLOR(130,147,123),ORDSYS.SI_COLOR(84,97,73),ORDSYS.SI_COLOR(137,159,134),ORDSYS.SI_COLOR(181,181,148),ORDSYS.SI_COLOR(117,137,90),ORDSYS.SI_COLOR(143,124,31),ORDSYS.SI_COLOR(72,99,67),ORDSYS.SI_COLOR(115,123,96),ORDSYS.SI_COLOR(231,195,178),ORDSYS.SI_COLOR(73,96,72),ORDSYS.SI_COLOR(143,148,118),ORDSYS.SI_COLOR(161,180,173),ORDSYS.SI_COLOR(220,131,95),ORDSYS.SI_COLOR(159,110,74),ORDSYS.SI_COLOR(143,161,134),ORDSYS.SI_COLOR(99,132,101),ORDSYS.SI_COLOR(132,151,124),ORDSYS.SI_COLOR(52,75,57),ORDSYS.SI_COLOR(0,0,0)),ORDSYS.COLORFREQUENCIESLIST(110166,53975.7,17191.4,8391.43,7267.14,6092.86,4280,3280,2810,2311.43,1920,1781.43,1485.71,1065.71,1034.29,875.714,868.571,860,858.571,845.714,840,838.571,832.857,818.571,804.286,770,761.429,754.286,682.857,675.714,674.286,671.429,621.429,600,567.143,560,550,538.571,537.143,530,530,457.143,422.857,404.286,375.714,370,322.857,314.286,295.714,282.857,247.143,238.571,217.143,212.857,212.857,211.429,208.571,184.286,181.429,178.571,157.143,152.857,150,144.286,130,125.714,121.429,110,100,98.5714,95.7143,95.7143,91.4286,90,84.2857,78.5714,61.4286,55.7143,52.8571,51.4286,47.1429,44.2857,41.4286,24.2857,4.28571,0)),ORDSYS.SI_POSITIONALCOLOR(ORDSYS.COLORPOSITIONS(ORDSYS.SI_COLOR(87,115,89),ORDSYS.SI_COLOR(21,38,32),ORDSYS.SI_COLOR(96,104,10),ORDSYS.SI_COLOR(172,128,94),ORDSYS.SI_COLOR(129,152,121),ORDSYS.SI_COLOR(0,0,0),ORDSYS.SI_COLOR(121,115,42),ORDSYS.SI_COLOR(222,125,83),ORDSYS.SI_COLOR(0,0,0))),ORDSYS.SI_TEXTURE(ORDSYS.TEXTUREENCODING(10951,1525,3726,1413,4282)));
Insert into FOTOGRAFIE (ID,INCIDENT,FOTO,FOTO_SI,FOTO_AC,FOTO_CH,FOTO_PC,FOTO_TX) values ('22','10',ORDSYS.ORDIMAGE(ORDSYS.ORDSOURCE('oracle.sql.BLOB@7a4671e2',NULL,NULL,NULL,'2016-12-12 16:31:46.0',1),352,626,35511,'JFIF','24BITRGB','JPEG','image/jpeg'),ORDSYS.SI_STILLIMAGE(ORDSYS.ORDSOURCE('oracle.sql.BLOB@215d7e56',NULL,NULL,NULL,'2016-12-12 16:31:46.0',1),35511,'JFIF',352,626,'image/jpeg','24BITRGB','JPEG',NULL,NULL,NULL,NULL,NULL,NULL),ORDSYS.SI_AVERAGECOLOR(ORDSYS.SI_COLOR(60,52,52)),ORDSYS.SI_COLORHISTOGRAM(ORDSYS.COLORSLIST(ORDSYS.SI_COLOR(46,38,42),ORDSYS.SI_COLOR(94,79,59),ORDSYS.SI_COLOR(126,156,153),ORDSYS.SI_COLOR(211,222,218),ORDSYS.SI_COLOR(196,215,197),ORDSYS.SI_COLOR(98,93,78),ORDSYS.SI_COLOR(77,48,45),ORDSYS.SI_COLOR(189,203,183),ORDSYS.SI_COLOR(77,52,44),ORDSYS.SI_COLOR(125,138,134),ORDSYS.SI_COLOR(91,95,85),ORDSYS.SI_COLOR(232,237,237),ORDSYS.SI_COLOR(75,20,29),ORDSYS.SI_COLOR(118,101,79),ORDSYS.SI_COLOR(191,209,202),ORDSYS.SI_COLOR(140,138,130),ORDSYS.SI_COLOR(119,127,115),ORDSYS.SI_COLOR(207,209,205),ORDSYS.SI_COLOR(184,212,210),ORDSYS.SI_COLOR(143,155,142),ORDSYS.SI_COLOR(218,229,225),ORDSYS.SI_COLOR(98,100,89),ORDSYS.SI_COLOR(224,229,227),ORDSYS.SI_COLOR(94,104,103),ORDSYS.SI_COLOR(235,238,240),ORDSYS.SI_COLOR(196,204,204),ORDSYS.SI_COLOR(137,143,131),ORDSYS.SI_COLOR(238,242,244),ORDSYS.SI_COLOR(100,109,102),ORDSYS.SI_COLOR(131,147,152),ORDSYS.SI_COLOR(107,89,85),ORDSYS.SI_COLOR(39,60,52),ORDSYS.SI_COLOR(115,137,133),ORDSYS.SI_COLOR(231,239,243),ORDSYS.SI_COLOR(0,0,0)),ORDSYS.COLORFREQUENCIESLIST(199966,26843.4,3008.9,2412.81,2014.23,2003.56,1838.08,1572.95,1222.42,1080.07,971.53,918.149,556.94,508.897,443.061,439.502,341.637,323.843,249.11,217.082,215.302,188.612,179.715,167.26,156.584,151.246,147.687,133.452,120.996,92.5267,80.0712,64.0569,53.3808,42.7046,0)),ORDSYS.SI_POSITIONALCOLOR(ORDSYS.COLORPOSITIONS(ORDSYS.SI_COLOR(0,0,0),ORDSYS.SI_COLOR(118,101,79),ORDSYS.SI_COLOR(107,89,85),ORDSYS.SI_COLOR(238,242,244),ORDSYS.SI_COLOR(137,143,131),ORDSYS.SI_COLOR(0,0,0),ORDSYS.SI_COLOR(115,137,133),ORDSYS.SI_COLOR(39,60,52),ORDSYS.SI_COLOR(0,0,0))),ORDSYS.SI_TEXTURE(ORDSYS.TEXTUREENCODING(7985,883,3013,581,3513)));
Insert into FOTOGRAFIE (ID,INCIDENT,FOTO,FOTO_SI,FOTO_AC,FOTO_CH,FOTO_PC,FOTO_TX) values ('23','5',ORDSYS.ORDIMAGE(ORDSYS.ORDSOURCE('oracle.sql.BLOB@1486e458',NULL,NULL,NULL,'2016-12-12 16:33:19.0',1),450,800,90485,'JFIF','24BITRGB','JPEG-PROGRESSIVE','image/jpeg'),ORDSYS.SI_STILLIMAGE(ORDSYS.ORDSOURCE('oracle.sql.BLOB@1baafdb',NULL,NULL,NULL,'2016-12-12 16:33:19.0',1),90485,'JFIF',450,800,'image/jpeg','24BITRGB','JPEG-PROGRESSIVE',NULL,NULL,NULL,NULL,NULL,NULL),ORDSYS.SI_AVERAGECOLOR(ORDSYS.SI_COLOR(150,139,134)),ORDSYS.SI_COLORHISTOGRAM(ORDSYS.COLORSLIST(ORDSYS.SI_COLOR(242,237,242),ORDSYS.SI_COLOR(95,77,57),ORDSYS.SI_COLOR(122,117,119),ORDSYS.SI_COLOR(49,44,40),ORDSYS.SI_COLOR(25,20,15),ORDSYS.SI_COLOR(152,140,137),ORDSYS.SI_COLOR(196,50,65),ORDSYS.SI_COLOR(169,130,139),ORDSYS.SI_COLOR(158,139,142),ORDSYS.SI_COLOR(140,79,84),ORDSYS.SI_COLOR(33,31,29),ORDSYS.SI_COLOR(29,34,34),ORDSYS.SI_COLOR(34,27,23),ORDSYS.SI_COLOR(103,47,50),ORDSYS.SI_COLOR(170,152,156),ORDSYS.SI_COLOR(163,158,169),ORDSYS.SI_COLOR(168,32,50),ORDSYS.SI_COLOR(188,43,58),ORDSYS.SI_COLOR(123,118,114),ORDSYS.SI_COLOR(198,174,179),ORDSYS.SI_COLOR(16,13,12),ORDSYS.SI_COLOR(174,166,177),ORDSYS.SI_COLOR(122,119,113),ORDSYS.SI_COLOR(183,45,62),ORDSYS.SI_COLOR(31,36,24),ORDSYS.SI_COLOR(45,47,52),ORDSYS.SI_COLOR(21,19,21),ORDSYS.SI_COLOR(106,50,57),ORDSYS.SI_COLOR(179,89,103),ORDSYS.SI_COLOR(189,186,192),ORDSYS.SI_COLOR(194,102,117),ORDSYS.SI_COLOR(189,156,153),ORDSYS.SI_COLOR(98,60,66),ORDSYS.SI_COLOR(191,180,191),ORDSYS.SI_COLOR(197,186,189),ORDSYS.SI_COLOR(127,38,49),ORDSYS.SI_COLOR(9,9,8),ORDSYS.SI_COLOR(119,32,42),ORDSYS.SI_COLOR(153,86,97),ORDSYS.SI_COLOR(229,222,187),ORDSYS.SI_COLOR(168,165,167),ORDSYS.SI_COLOR(0,0,0)),ORDSYS.COLORFREQUENCIESLIST(89126.3,88480.4,42259.8,11585.4,4469.75,1507.12,1339.86,850.534,761.566,713.523,637.011,635.231,535.587,501.779,496.441,482.206,480.427,466.192,444.84,379.004,366.548,241.993,231.317,222.42,213.523,204.626,201.068,167.26,158.363,156.584,122.776,104.982,87.1886,83.6299,81.8505,65.8363,51.6014,49.8221,44.484,39.1459,24.911,0)),ORDSYS.SI_POSITIONALCOLOR(ORDSYS.COLORPOSITIONS(ORDSYS.SI_COLOR(197,186,189),ORDSYS.SI_COLOR(9,9,8),ORDSYS.SI_COLOR(0,0,0),ORDSYS.SI_COLOR(229,222,187),ORDSYS.SI_COLOR(119,32,42),ORDSYS.SI_COLOR(0,0,0),ORDSYS.SI_COLOR(189,186,192),ORDSYS.SI_COLOR(194,102,117),ORDSYS.SI_COLOR(0,0,0))),ORDSYS.SI_TEXTURE(ORDSYS.TEXTUREENCODING(8835,452,1961,767,5659)));
Insert into FOTOGRAFIE (ID,INCIDENT,FOTO,FOTO_SI,FOTO_AC,FOTO_CH,FOTO_PC,FOTO_TX) values ('24','5',ORDSYS.ORDIMAGE(ORDSYS.ORDSOURCE('oracle.sql.BLOB@48ba076f',NULL,NULL,NULL,'2016-12-12 16:33:20.0',1),856,1144,145397,'JFIF','24BITRGB','JPEG','image/jpeg'),ORDSYS.SI_STILLIMAGE(ORDSYS.ORDSOURCE('oracle.sql.BLOB@2df7fe0',NULL,NULL,NULL,'2016-12-12 16:33:20.0',1),145397,'JFIF',856,1144,'image/jpeg','24BITRGB','JPEG',NULL,NULL,NULL,NULL,NULL,NULL),ORDSYS.SI_AVERAGECOLOR(ORDSYS.SI_COLOR(159,156,157)),ORDSYS.SI_COLORHISTOGRAM(ORDSYS.COLORSLIST(ORDSYS.SI_COLOR(240,241,244),ORDSYS.SI_COLOR(73,66,61),ORDSYS.SI_COLOR(135,136,145),ORDSYS.SI_COLOR(165,134,145),ORDSYS.SI_COLOR(184,123,138),ORDSYS.SI_COLOR(76,73,79),ORDSYS.SI_COLOR(67,65,71),ORDSYS.SI_COLOR(183,80,100),ORDSYS.SI_COLOR(197,198,192),ORDSYS.SI_COLOR(187,184,191),ORDSYS.SI_COLOR(189,189,197),ORDSYS.SI_COLOR(42,42,43),ORDSYS.SI_COLOR(88,78,88),ORDSYS.SI_COLOR(167,101,120),ORDSYS.SI_COLOR(187,186,195),ORDSYS.SI_COLOR(176,104,123),ORDSYS.SI_COLOR(188,184,195),ORDSYS.SI_COLOR(231,235,243),ORDSYS.SI_COLOR(214,162,171),ORDSYS.SI_COLOR(126,94,106),ORDSYS.SI_COLOR(47,46,52),ORDSYS.SI_COLOR(70,68,70),ORDSYS.SI_COLOR(0,0,0)),ORDSYS.COLORFREQUENCIESLIST(105773,85077.5,50001.3,1795.45,1649.73,1084.22,739.305,649.733,447.861,409.091,358.289,312.834,274.064,207.219,191.176,185.829,153.743,84.2246,70.8556,56.1497,44.1176,18.7166,0)),ORDSYS.SI_POSITIONALCOLOR(ORDSYS.COLORPOSITIONS(ORDSYS.SI_COLOR(0,0,0),ORDSYS.SI_COLOR(197,198,192),ORDSYS.SI_COLOR(0,0,0),ORDSYS.SI_COLOR(47,46,52),ORDSYS.SI_COLOR(70,68,70),ORDSYS.SI_COLOR(73,66,61),ORDSYS.SI_COLOR(0,0,0),ORDSYS.SI_COLOR(188,184,195),ORDSYS.SI_COLOR(0,0,0))),ORDSYS.SI_TEXTURE(ORDSYS.TEXTUREENCODING(5495,532,1670,350,2944)));
Insert into FOTOGRAFIE (ID,INCIDENT,FOTO,FOTO_SI,FOTO_AC,FOTO_CH,FOTO_PC,FOTO_TX) values ('25','5',ORDSYS.ORDIMAGE(ORDSYS.ORDSOURCE('oracle.sql.BLOB@2158ffc7',NULL,NULL,NULL,'2016-12-12 16:33:22.0',1),836,1254,142265,'JFIF','24BITRGB','JPEG','image/jpeg'),ORDSYS.SI_STILLIMAGE(ORDSYS.ORDSOURCE('oracle.sql.BLOB@75484840',NULL,NULL,NULL,'2016-12-12 16:33:22.0',1),142265,'JFIF',836,1254,'image/jpeg','24BITRGB','JPEG',NULL,NULL,NULL,NULL,NULL,NULL),ORDSYS.SI_AVERAGECOLOR(ORDSYS.SI_COLOR(72,67,55)),ORDSYS.SI_COLORHISTOGRAM(ORDSYS.COLORSLIST(ORDSYS.SI_COLOR(47,42,34),ORDSYS.SI_COLOR(143,133,110),ORDSYS.SI_COLOR(112,111,95),ORDSYS.SI_COLOR(154,160,110),ORDSYS.SI_COLOR(176,178,166),ORDSYS.SI_COLOR(134,139,101),ORDSYS.SI_COLOR(110,102,83),ORDSYS.SI_COLOR(150,153,113),ORDSYS.SI_COLOR(113,107,90),ORDSYS.SI_COLOR(102,118,65),ORDSYS.SI_COLOR(97,76,57),ORDSYS.SI_COLOR(142,138,118),ORDSYS.SI_COLOR(71,98,122),ORDSYS.SI_COLOR(164,167,154),ORDSYS.SI_COLOR(85,66,41),ORDSYS.SI_COLOR(166,151,118),ORDSYS.SI_COLOR(110,107,99),ORDSYS.SI_COLOR(107,99,83),ORDSYS.SI_COLOR(110,94,74),ORDSYS.SI_COLOR(202,197,153),ORDSYS.SI_COLOR(85,82,54),ORDSYS.SI_COLOR(40,55,66),ORDSYS.SI_COLOR(162,158,133),ORDSYS.SI_COLOR(83,97,53),ORDSYS.SI_COLOR(204,214,209),ORDSYS.SI_COLOR(227,218,145),ORDSYS.SI_COLOR(85,123,154),ORDSYS.SI_COLOR(206,217,212),ORDSYS.SI_COLOR(93,93,82),ORDSYS.SI_COLOR(95,96,90),ORDSYS.SI_COLOR(105,102,89),ORDSYS.SI_COLOR(238,246,196),ORDSYS.SI_COLOR(129,122,80),ORDSYS.SI_COLOR(108,97,62),ORDSYS.SI_COLOR(198,162,114),ORDSYS.SI_COLOR(237,245,205),ORDSYS.SI_COLOR(206,214,213),ORDSYS.SI_COLOR(240,236,219),ORDSYS.SI_COLOR(133,131,110),ORDSYS.SI_COLOR(116,102,79),ORDSYS.SI_COLOR(139,138,127),ORDSYS.SI_COLOR(145,128,87),ORDSYS.SI_COLOR(101,92,72),ORDSYS.SI_COLOR(227,203,123),ORDSYS.SI_COLOR(123,103,71),ORDSYS.SI_COLOR(118,126,113),ORDSYS.SI_COLOR(96,95,80),ORDSYS.SI_COLOR(132,130,112),ORDSYS.SI_COLOR(233,234,227),ORDSYS.SI_COLOR(72,52,26),ORDSYS.SI_COLOR(207,217,215),ORDSYS.SI_COLOR(119,120,110),ORDSYS.SI_COLOR(251,251,239),ORDSYS.SI_COLOR(74,81,33),ORDSYS.SI_COLOR(94,73,47),ORDSYS.SI_COLOR(237,244,243),ORDSYS.SI_COLOR(66,67,65),ORDSYS.SI_COLOR(118,84,37),ORDSYS.SI_COLOR(133,105,63),ORDSYS.SI_COLOR(204,200,181),ORDSYS.SI_COLOR(135,104,50),ORDSYS.SI_COLOR(176,124,67),ORDSYS.SI_COLOR(182,233,240),ORDSYS.SI_COLOR(104,97,77),ORDSYS.SI_COLOR(144,121,59),ORDSYS.SI_COLOR(127,116,86),ORDSYS.SI_COLOR(228,233,207),ORDSYS.SI_COLOR(96,78,51),ORDSYS.SI_COLOR(80,55,28),ORDSYS.SI_COLOR(102,95,76),ORDSYS.SI_COLOR(105,82,51),ORDSYS.SI_COLOR(57,59,52),ORDSYS.SI_COLOR(89,66,36),ORDSYS.SI_COLOR(135,127,104),ORDSYS.SI_COLOR(49,43,32),ORDSYS.SI_COLOR(180,193,178),ORDSYS.SI_COLOR(102,96,80),ORDSYS.SI_COLOR(167,168,150),ORDSYS.SI_COLOR(111,92,68),ORDSYS.SI_COLOR(183,170,127),ORDSYS.SI_COLOR(105,103,90),ORDSYS.SI_COLOR(207,220,219),ORDSYS.SI_COLOR(132,94,47),ORDSYS.SI_COLOR(0,0,0)),ORDSYS.COLORFREQUENCIESLIST(175676,25130.6,7153.15,5459.46,2921.92,2909.91,2537.54,2288.29,1794.29,1612.61,1525.53,1424.92,1175.68,998.499,978.979,867.868,752.252,687.688,674.174,671.171,593.093,588.589,460.961,453.453,307.808,288.288,279.279,273.273,262.763,259.76,252.252,244.745,241.742,229.73,208.709,207.207,198.198,193.694,192.192,186.186,175.676,151.652,148.649,148.649,148.649,142.643,141.141,136.637,129.129,121.622,120.12,118.619,115.616,112.613,112.613,109.61,108.108,108.108,105.105,100.601,99.0991,94.5946,91.5916,90.0901,88.5886,87.0871,73.5736,72.0721,64.5646,64.5646,58.5586,57.0571,57.0571,52.5526,52.5526,48.048,46.5465,42.042,37.5375,31.5315,28.5285,27.027,10.5105,0)),ORDSYS.SI_POSITIONALCOLOR(ORDSYS.COLORPOSITIONS(ORDSYS.SI_COLOR(237,245,205),ORDSYS.SI_COLOR(110,94,74),ORDSYS.SI_COLOR(0,0,0),ORDSYS.SI_COLOR(240,236,219),ORDSYS.SI_COLOR(93,93,82),ORDSYS.SI_COLOR(0,0,0),ORDSYS.SI_COLOR(116,102,79),ORDSYS.SI_COLOR(108,97,62),ORDSYS.SI_COLOR(206,214,213))),ORDSYS.SI_TEXTURE(ORDSYS.TEXTUREENCODING(14499,3006,3834,2458,5249)));
Insert into FOTOGRAFIE (ID,INCIDENT,FOTO,FOTO_SI,FOTO_AC,FOTO_CH,FOTO_PC,FOTO_TX) values ('26','7',ORDSYS.ORDIMAGE(ORDSYS.ORDSOURCE('oracle.sql.BLOB@6dd1a8f9',NULL,NULL,NULL,'2016-12-12 16:35:07.0',1),341,460,41930,'JFIF','24BITRGB','JPEG','image/jpeg'),ORDSYS.SI_STILLIMAGE(ORDSYS.ORDSOURCE('oracle.sql.BLOB@1408eadc',NULL,NULL,NULL,'2016-12-12 16:35:07.0',1),41930,'JFIF',341,460,'image/jpeg','24BITRGB','JPEG',NULL,NULL,NULL,NULL,NULL,NULL),ORDSYS.SI_AVERAGECOLOR(ORDSYS.SI_COLOR(128,110,98)),ORDSYS.SI_COLORHISTOGRAM(ORDSYS.COLORSLIST(ORDSYS.SI_COLOR(51,38,27),ORDSYS.SI_COLOR(201,178,152),ORDSYS.SI_COLOR(245,245,234),ORDSYS.SI_COLOR(156,141,140),ORDSYS.SI_COLOR(25,22,19),ORDSYS.SI_COLOR(191,151,100),ORDSYS.SI_COLOR(34,29,27),ORDSYS.SI_COLOR(20,15,13),ORDSYS.SI_COLOR(253,252,251),ORDSYS.SI_COLOR(168,153,132),ORDSYS.SI_COLOR(92,103,101),ORDSYS.SI_COLOR(46,45,45),ORDSYS.SI_COLOR(119,110,98),ORDSYS.SI_COLOR(168,160,153),ORDSYS.SI_COLOR(245,239,212),ORDSYS.SI_COLOR(182,44,71),ORDSYS.SI_COLOR(63,94,125),ORDSYS.SI_COLOR(105,90,78),ORDSYS.SI_COLOR(214,173,129),ORDSYS.SI_COLOR(200,57,68),ORDSYS.SI_COLOR(209,178,143),ORDSYS.SI_COLOR(26,20,15),ORDSYS.SI_COLOR(226,155,141),ORDSYS.SI_COLOR(50,117,170),ORDSYS.SI_COLOR(199,56,57),ORDSYS.SI_COLOR(166,143,113),ORDSYS.SI_COLOR(229,211,185),ORDSYS.SI_COLOR(26,73,112),ORDSYS.SI_COLOR(228,221,201),ORDSYS.SI_COLOR(193,144,131),ORDSYS.SI_COLOR(159,132,97),ORDSYS.SI_COLOR(58,63,83),ORDSYS.SI_COLOR(217,132,119),ORDSYS.SI_COLOR(107,13,12),ORDSYS.SI_COLOR(250,253,251),ORDSYS.SI_COLOR(125,84,53),ORDSYS.SI_COLOR(177,141,107),ORDSYS.SI_COLOR(240,248,243),ORDSYS.SI_COLOR(92,100,96),ORDSYS.SI_COLOR(59,54,40),ORDSYS.SI_COLOR(188,162,152),ORDSYS.SI_COLOR(151,125,107),ORDSYS.SI_COLOR(202,144,29),ORDSYS.SI_COLOR(113,33,25),ORDSYS.SI_COLOR(117,93,69),ORDSYS.SI_COLOR(210,56,48),ORDSYS.SI_COLOR(95,136,154),ORDSYS.SI_COLOR(167,109,31),ORDSYS.SI_COLOR(150,98,31),ORDSYS.SI_COLOR(187,48,82),ORDSYS.SI_COLOR(120,110,125),ORDSYS.SI_COLOR(248,236,217),ORDSYS.SI_COLOR(221,152,26),ORDSYS.SI_COLOR(202,151,74),ORDSYS.SI_COLOR(191,128,24),ORDSYS.SI_COLOR(210,150,28),ORDSYS.SI_COLOR(109,81,39),ORDSYS.SI_COLOR(223,178,157),ORDSYS.SI_COLOR(150,121,76),ORDSYS.SI_COLOR(191,115,11),ORDSYS.SI_COLOR(176,189,175),ORDSYS.SI_COLOR(202,145,35),ORDSYS.SI_COLOR(211,155,38),ORDSYS.SI_COLOR(229,167,36),ORDSYS.SI_COLOR(228,182,52),ORDSYS.SI_COLOR(23,62,102),ORDSYS.SI_COLOR(102,91,75),ORDSYS.SI_COLOR(73,96,111),ORDSYS.SI_COLOR(179,53,47),ORDSYS.SI_COLOR(198,158,108),ORDSYS.SI_COLOR(243,209,166),ORDSYS.SI_COLOR(17,38,60),ORDSYS.SI_COLOR(171,130,139),ORDSYS.SI_COLOR(212,207,194),ORDSYS.SI_COLOR(9,45,78),ORDSYS.SI_COLOR(9,44,81),ORDSYS.SI_COLOR(174,82,49),ORDSYS.SI_COLOR(122,67,18),ORDSYS.SI_COLOR(212,178,125),ORDSYS.SI_COLOR(196,164,125),ORDSYS.SI_COLOR(117,91,59),ORDSYS.SI_COLOR(129,123,138),ORDSYS.SI_COLOR(210,158,126),ORDSYS.SI_COLOR(173,153,121),ORDSYS.SI_COLOR(188,178,158),ORDSYS.SI_COLOR(178,127,65),ORDSYS.SI_COLOR(47,34,16),ORDSYS.SI_COLOR(106,61,17),ORDSYS.SI_COLOR(106,50,15),ORDSYS.SI_COLOR(0,0,0)),ORDSYS.COLORFREQUENCIESLIST(48485.9,17845.5,16851,16782.5,16291.6,13523.2,11389.1,8960.22,8738.68,7492.35,5417.25,5233.97,4578.92,4453.02,3842.6,3262.46,3193.93,3134.96,2883.14,2816.21,2414.57,2401.82,2323.73,1979.47,1941.22,1910.94,1867.91,1746.78,1581.03,1483.81,1386.59,1152.3,1139.55,1098.11,1020.02,918.016,823.983,787.326,734.732,723.575,709.231,678.949,642.292,583.323,578.541,513.196,500.446,494.071,474.946,474.946,443.07,433.508,425.539,422.351,419.164,368.163,352.225,349.037,339.475,304.412,298.036,296.443,288.474,255.004,237.473,237.473,223.129,202.41,199.222,197.628,197.628,197.628,192.847,192.847,188.066,173.722,164.159,162.565,160.972,143.44,137.065,124.315,116.346,111.564,103.596,82.8764,65.3449,58.9698,54.1884,0)),ORDSYS.SI_POSITIONALCOLOR(ORDSYS.COLORPOSITIONS(ORDSYS.SI_COLOR(59,54,40),ORDSYS.SI_COLOR(159,132,97),ORDSYS.SI_COLOR(168,153,132),ORDSYS.SI_COLOR(166,143,113),ORDSYS.SI_COLOR(177,141,107),ORDSYS.SI_COLOR(92,100,96),ORDSYS.SI_COLOR(193,144,131),ORDSYS.SI_COLOR(58,63,83),ORDSYS.SI_COLOR(26,73,112))),ORDSYS.SI_TEXTURE(ORDSYS.TEXTUREENCODING(15917,1356,5016,1041,8517)));
Insert into FOTOGRAFIE (ID,INCIDENT,FOTO,FOTO_SI,FOTO_AC,FOTO_CH,FOTO_PC,FOTO_TX) values ('27','4',ORDSYS.ORDIMAGE(ORDSYS.ORDSOURCE('oracle.sql.BLOB@7248895d',NULL,NULL,NULL,'2016-12-12 16:36:53.0',1),338,600,50592,'JFIF','24BITRGB','JPEG','image/jpeg'),ORDSYS.SI_STILLIMAGE(ORDSYS.ORDSOURCE('oracle.sql.BLOB@45f5d51c',NULL,NULL,NULL,'2016-12-12 16:36:53.0',1),50592,'JFIF',338,600,'image/jpeg','24BITRGB','JPEG',NULL,NULL,NULL,NULL,NULL,NULL),ORDSYS.SI_AVERAGECOLOR(ORDSYS.SI_COLOR(115,104,98)),ORDSYS.SI_COLORHISTOGRAM(ORDSYS.COLORSLIST(ORDSYS.SI_COLOR(95,91,92),ORDSYS.SI_COLOR(96,92,94),ORDSYS.SI_COLOR(160,117,92),ORDSYS.SI_COLOR(108,82,81),ORDSYS.SI_COLOR(174,134,105),ORDSYS.SI_COLOR(174,73,72),ORDSYS.SI_COLOR(213,214,216),ORDSYS.SI_COLOR(161,157,76),ORDSYS.SI_COLOR(136,145,146),ORDSYS.SI_COLOR(103,77,60),ORDSYS.SI_COLOR(54,58,51),ORDSYS.SI_COLOR(199,202,196),ORDSYS.SI_COLOR(114,75,74),ORDSYS.SI_COLOR(132,158,130),ORDSYS.SI_COLOR(154,161,168),ORDSYS.SI_COLOR(150,157,104),ORDSYS.SI_COLOR(222,220,221),ORDSYS.SI_COLOR(148,185,148),ORDSYS.SI_COLOR(120,138,142),ORDSYS.SI_COLOR(111,57,59),ORDSYS.SI_COLOR(134,145,150),ORDSYS.SI_COLOR(205,206,210),ORDSYS.SI_COLOR(64,91,73),ORDSYS.SI_COLOR(148,151,134),ORDSYS.SI_COLOR(167,167,172),ORDSYS.SI_COLOR(126,154,163),ORDSYS.SI_COLOR(157,171,107),ORDSYS.SI_COLOR(151,111,106),ORDSYS.SI_COLOR(203,192,161),ORDSYS.SI_COLOR(114,117,107),ORDSYS.SI_COLOR(193,192,148),ORDSYS.SI_COLOR(96,75,81),ORDSYS.SI_COLOR(148,171,194),ORDSYS.SI_COLOR(69,74,77),ORDSYS.SI_COLOR(126,132,135),ORDSYS.SI_COLOR(205,176,132),ORDSYS.SI_COLOR(143,64,63),ORDSYS.SI_COLOR(202,203,199),ORDSYS.SI_COLOR(192,191,105),ORDSYS.SI_COLOR(151,145,149),ORDSYS.SI_COLOR(126,115,126),ORDSYS.SI_COLOR(137,146,165),ORDSYS.SI_COLOR(173,114,123),ORDSYS.SI_COLOR(87,85,45),ORDSYS.SI_COLOR(98,94,64),ORDSYS.SI_COLOR(207,208,200),ORDSYS.SI_COLOR(150,152,104),ORDSYS.SI_COLOR(141,91,100),ORDSYS.SI_COLOR(207,208,207),ORDSYS.SI_COLOR(143,144,117),ORDSYS.SI_COLOR(190,194,199),ORDSYS.SI_COLOR(234,214,201),ORDSYS.SI_COLOR(117,77,95),ORDSYS.SI_COLOR(141,146,124),ORDSYS.SI_COLOR(186,184,188),ORDSYS.SI_COLOR(198,187,147),ORDSYS.SI_COLOR(87,83,41),ORDSYS.SI_COLOR(161,158,155),ORDSYS.SI_COLOR(198,193,197),ORDSYS.SI_COLOR(154,151,158),ORDSYS.SI_COLOR(149,149,154),ORDSYS.SI_COLOR(121,71,65),ORDSYS.SI_COLOR(102,67,71),ORDSYS.SI_COLOR(206,210,211),ORDSYS.SI_COLOR(101,98,50),ORDSYS.SI_COLOR(204,192,172),ORDSYS.SI_COLOR(147,137,141),ORDSYS.SI_COLOR(194,199,206),ORDSYS.SI_COLOR(105,105,41),ORDSYS.SI_COLOR(152,157,156),ORDSYS.SI_COLOR(189,119,122),ORDSYS.SI_COLOR(74,72,26),ORDSYS.SI_COLOR(79,74,32),ORDSYS.SI_COLOR(157,153,154),ORDSYS.SI_COLOR(154,143,151),ORDSYS.SI_COLOR(0,0,0)),ORDSYS.COLORFREQUENCIESLIST(126002,23688.6,18110.3,14738.4,9898.58,6190.39,4459.07,4391.46,3147.69,2400.36,2247.33,1606.76,1562.28,1528.47,1459.07,1455.52,1311.39,1220.64,1129.89,1064.06,1046.26,1028.47,998.221,980.427,973.31,962.633,889.68,857.651,838.078,836.299,832.74,660.142,638.79,608.541,597.865,585.409,533.808,516.014,450.178,345.196,243.772,224.199,224.199,218.861,199.288,197.509,192.171,192.171,190.391,176.157,169.039,167.26,158.363,153.025,147.687,147.687,140.569,131.673,126.335,122.776,122.776,113.879,108.541,103.203,99.6441,94.3061,87.1886,85.4093,83.6299,81.8505,78.2918,71.1744,71.1744,69.395,19.573,0)),ORDSYS.SI_POSITIONALCOLOR(ORDSYS.COLORPOSITIONS(ORDSYS.SI_COLOR(205,176,132),ORDSYS.SI_COLOR(143,64,63),ORDSYS.SI_COLOR(114,117,107),ORDSYS.SI_COLOR(96,75,81),ORDSYS.SI_COLOR(0,0,0),ORDSYS.SI_COLOR(0,0,0),ORDSYS.SI_COLOR(151,145,149),ORDSYS.SI_COLOR(192,191,105),ORDSYS.SI_COLOR(199,202,196))),ORDSYS.SI_TEXTURE(ORDSYS.TEXTUREENCODING(14095,1188,5771,943,6207)));
Insert into FOTOGRAFIE (ID,INCIDENT,FOTO,FOTO_SI,FOTO_AC,FOTO_CH,FOTO_PC,FOTO_TX) values ('28','4',ORDSYS.ORDIMAGE(ORDSYS.ORDSOURCE('oracle.sql.BLOB@25032b3b',NULL,NULL,NULL,'2016-12-12 16:36:54.0',1),600,900,77978,'JFIF','24BITRGB','JPEG','image/jpeg'),ORDSYS.SI_STILLIMAGE(ORDSYS.ORDSOURCE('oracle.sql.BLOB@760e7b4d',NULL,NULL,NULL,'2016-12-12 16:36:54.0',1),77978,'JFIF',600,900,'image/jpeg','24BITRGB','JPEG',NULL,NULL,NULL,NULL,NULL,NULL),ORDSYS.SI_AVERAGECOLOR(ORDSYS.SI_COLOR(105,86,69)),ORDSYS.SI_COLORHISTOGRAM(ORDSYS.COLORSLIST(ORDSYS.SI_COLOR(106,86,67),ORDSYS.SI_COLOR(42,32,25),ORDSYS.SI_COLOR(128,141,163),ORDSYS.SI_COLOR(27,23,18),ORDSYS.SI_COLOR(170,121,87),ORDSYS.SI_COLOR(52,37,26),ORDSYS.SI_COLOR(149,120,75),ORDSYS.SI_COLOR(81,28,14),ORDSYS.SI_COLOR(164,114,76),ORDSYS.SI_COLOR(49,22,12),ORDSYS.SI_COLOR(122,118,90),ORDSYS.SI_COLOR(109,74,51),ORDSYS.SI_COLOR(81,31,18),ORDSYS.SI_COLOR(44,32,27),ORDSYS.SI_COLOR(243,218,188),ORDSYS.SI_COLOR(177,151,135),ORDSYS.SI_COLOR(158,111,86),ORDSYS.SI_COLOR(49,36,27),ORDSYS.SI_COLOR(145,148,164),ORDSYS.SI_COLOR(79,84,101),ORDSYS.SI_COLOR(221,212,196),ORDSYS.SI_COLOR(163,125,107),ORDSYS.SI_COLOR(191,152,146),ORDSYS.SI_COLOR(200,191,177),ORDSYS.SI_COLOR(226,188,139),ORDSYS.SI_COLOR(123,106,68),ORDSYS.SI_COLOR(236,215,165),ORDSYS.SI_COLOR(181,104,68),ORDSYS.SI_COLOR(161,109,75),ORDSYS.SI_COLOR(152,139,127),ORDSYS.SI_COLOR(147,158,80),ORDSYS.SI_COLOR(254,254,247),ORDSYS.SI_COLOR(74,82,54),ORDSYS.SI_COLOR(145,162,28),ORDSYS.SI_COLOR(246,232,130),ORDSYS.SI_COLOR(152,49,23),ORDSYS.SI_COLOR(107,61,42),ORDSYS.SI_COLOR(220,210,165),ORDSYS.SI_COLOR(55,50,49),ORDSYS.SI_COLOR(187,189,167),ORDSYS.SI_COLOR(44,34,24),ORDSYS.SI_COLOR(150,130,120),ORDSYS.SI_COLOR(214,228,31),ORDSYS.SI_COLOR(161,107,84),ORDSYS.SI_COLOR(184,142,71),ORDSYS.SI_COLOR(222,207,64),ORDSYS.SI_COLOR(99,100,111),ORDSYS.SI_COLOR(204,170,124),ORDSYS.SI_COLOR(155,98,67),ORDSYS.SI_COLOR(186,209,23),ORDSYS.SI_COLOR(109,70,51),ORDSYS.SI_COLOR(247,231,90),ORDSYS.SI_COLOR(77,78,96),ORDSYS.SI_COLOR(182,204,25),ORDSYS.SI_COLOR(159,103,76),ORDSYS.SI_COLOR(167,169,137),ORDSYS.SI_COLOR(214,203,188),ORDSYS.SI_COLOR(138,141,94),ORDSYS.SI_COLOR(117,28,10),ORDSYS.SI_COLOR(137,53,27),ORDSYS.SI_COLOR(245,229,180),ORDSYS.SI_COLOR(213,208,190),ORDSYS.SI_COLOR(170,116,80),ORDSYS.SI_COLOR(179,125,98),ORDSYS.SI_COLOR(75,76,59),ORDSYS.SI_COLOR(195,185,154),ORDSYS.SI_COLOR(171,179,169),ORDSYS.SI_COLOR(215,233,44),ORDSYS.SI_COLOR(205,207,203),ORDSYS.SI_COLOR(230,244,82),ORDSYS.SI_COLOR(63,69,78),ORDSYS.SI_COLOR(236,200,148),ORDSYS.SI_COLOR(100,30,13),ORDSYS.SI_COLOR(246,210,123),ORDSYS.SI_COLOR(121,82,64),ORDSYS.SI_COLOR(0,0,0)),ORDSYS.COLORFREQUENCIESLIST(113850,30515,13833.3,9953.45,8702.7,8477.48,5372.37,4223.72,3777.78,3100.6,2948.95,2638.14,2528.53,2219.22,2021.02,2006.01,1897.9,1881.38,1566.07,1399.4,1343.84,1322.82,1307.81,1210.21,1186.19,1127.63,1117.12,1112.61,1109.61,1064.56,1000,911.411,887.387,801.802,650.15,620.12,599.099,581.081,576.577,530.03,524.024,481.982,430.931,418.919,340.841,315.315,306.306,294.294,274.775,267.267,259.76,253.754,246.246,225.225,211.712,189.189,186.186,178.679,175.676,124.625,115.616,106.607,105.105,87.0871,84.0841,81.0811,64.5646,61.5616,58.5586,55.5556,49.5496,48.048,43.5435,36.036,31.5315,0)),ORDSYS.SI_POSITIONALCOLOR(ORDSYS.COLORPOSITIONS(ORDSYS.SI_COLOR(254,254,247),ORDSYS.SI_COLOR(226,188,139),ORDSYS.SI_COLOR(55,50,49),ORDSYS.SI_COLOR(221,212,196),ORDSYS.SI_COLOR(187,189,167),ORDSYS.SI_COLOR(44,32,27),ORDSYS.SI_COLOR(0,0,0),ORDSYS.SI_COLOR(220,210,165),ORDSYS.SI_COLOR(49,22,12))),ORDSYS.SI_TEXTURE(ORDSYS.TEXTUREENCODING(8673,1232,2777,1165,3540)));
Insert into FOTOGRAFIE (ID,INCIDENT,FOTO,FOTO_SI,FOTO_AC,FOTO_CH,FOTO_PC,FOTO_TX) values ('29','6',ORDSYS.ORDIMAGE(ORDSYS.ORDSOURCE('oracle.sql.BLOB@40ba16b0',NULL,NULL,NULL,'2016-12-12 16:38:11.0',1),233,350,19015,'JFIF','24BITRGB','JPEG-PROGRESSIVE','image/jpeg'),ORDSYS.SI_STILLIMAGE(ORDSYS.ORDSOURCE('oracle.sql.BLOB@2b0c668e',NULL,NULL,NULL,'2016-12-12 16:38:11.0',1),19015,'JFIF',233,350,'image/jpeg','24BITRGB','JPEG-PROGRESSIVE',NULL,NULL,NULL,NULL,NULL,NULL),ORDSYS.SI_AVERAGECOLOR(ORDSYS.SI_COLOR(106,97,85)),ORDSYS.SI_COLORHISTOGRAM(ORDSYS.COLORSLIST(ORDSYS.SI_COLOR(56,46,34),ORDSYS.SI_COLOR(34,29,25),ORDSYS.SI_COLOR(164,156,145),ORDSYS.SI_COLOR(92,89,77),ORDSYS.SI_COLOR(204,200,184),ORDSYS.SI_COLOR(111,86,73),ORDSYS.SI_COLOR(107,97,84),ORDSYS.SI_COLOR(108,88,61),ORDSYS.SI_COLOR(160,142,122),ORDSYS.SI_COLOR(245,235,233),ORDSYS.SI_COLOR(36,45,63),ORDSYS.SI_COLOR(166,156,138),ORDSYS.SI_COLOR(45,42,39),ORDSYS.SI_COLOR(155,154,143),ORDSYS.SI_COLOR(39,49,68),ORDSYS.SI_COLOR(71,68,59),ORDSYS.SI_COLOR(55,44,33),ORDSYS.SI_COLOR(115,54,58),ORDSYS.SI_COLOR(210,212,150),ORDSYS.SI_COLOR(251,249,244),ORDSYS.SI_COLOR(108,103,102),ORDSYS.SI_COLOR(134,112,87),ORDSYS.SI_COLOR(162,141,116),ORDSYS.SI_COLOR(218,220,163),ORDSYS.SI_COLOR(239,241,234),ORDSYS.SI_COLOR(112,94,78),ORDSYS.SI_COLOR(89,101,75),ORDSYS.SI_COLOR(39,38,36),ORDSYS.SI_COLOR(94,105,129),ORDSYS.SI_COLOR(182,190,132),ORDSYS.SI_COLOR(93,92,83),ORDSYS.SI_COLOR(141,138,127),ORDSYS.SI_COLOR(186,167,141),ORDSYS.SI_COLOR(181,112,87),ORDSYS.SI_COLOR(183,185,113),ORDSYS.SI_COLOR(244,244,240),ORDSYS.SI_COLOR(218,123,85),ORDSYS.SI_COLOR(42,50,64),ORDSYS.SI_COLOR(167,158,152),ORDSYS.SI_COLOR(47,34,29),ORDSYS.SI_COLOR(180,182,104),ORDSYS.SI_COLOR(118,119,105),ORDSYS.SI_COLOR(171,153,128),ORDSYS.SI_COLOR(110,96,82),ORDSYS.SI_COLOR(126,108,72),ORDSYS.SI_COLOR(204,209,147),ORDSYS.SI_COLOR(31,26,21),ORDSYS.SI_COLOR(142,135,68),ORDSYS.SI_COLOR(115,113,58),ORDSYS.SI_COLOR(138,141,96),ORDSYS.SI_COLOR(173,167,149),ORDSYS.SI_COLOR(77,63,39),ORDSYS.SI_COLOR(123,111,97),ORDSYS.SI_COLOR(116,125,146),ORDSYS.SI_COLOR(0,0,0)),ORDSYS.COLORFREQUENCIESLIST(53320.1,32084.6,31192.5,18776.8,17201.1,15809.3,11692.2,11569.6,8335.38,5944.21,4420.6,3694.05,3160.64,2746.78,2078.48,1995.71,1955.86,1882.28,1741.26,1551.2,1140.4,1106.68,1103.62,1036.17,1017.78,984.059,919.681,839.975,812.385,757.204,723.483,698.958,610.055,539.546,533.415,383.201,377.069,349.479,346.413,288.167,282.036,260.576,260.576,245.248,208.461,180.871,156.346,137.952,125.69,116.493,91.9681,82.7713,76.6401,70.5089,0)),ORDSYS.SI_POSITIONALCOLOR(ORDSYS.COLORPOSITIONS(ORDSYS.SI_COLOR(55,44,33),ORDSYS.SI_COLOR(182,190,132),ORDSYS.SI_COLOR(0,0,0),ORDSYS.SI_COLOR(47,34,29),ORDSYS.SI_COLOR(218,123,85),ORDSYS.SI_COLOR(0,0,0),ORDSYS.SI_COLOR(42,50,64),ORDSYS.SI_COLOR(183,185,113),ORDSYS.SI_COLOR(186,167,141))),ORDSYS.SI_TEXTURE(ORDSYS.TEXTUREENCODING(18423,1904,5042,3162,8317)));
Insert into FOTOGRAFIE (ID,INCIDENT,FOTO,FOTO_SI,FOTO_AC,FOTO_CH,FOTO_PC,FOTO_TX) values ('30','6',ORDSYS.ORDIMAGE(ORDSYS.ORDSOURCE('oracle.sql.BLOB@176aca27',NULL,NULL,NULL,'2016-12-12 16:38:14.0',1),471,630,90140,'JFIF','24BITRGB','JPEG','image/jpeg'),ORDSYS.SI_STILLIMAGE(ORDSYS.ORDSOURCE('oracle.sql.BLOB@12bb0f94',NULL,NULL,NULL,'2016-12-12 16:38:14.0',1),90140,'JFIF',471,630,'image/jpeg','24BITRGB','JPEG',NULL,NULL,NULL,NULL,NULL,NULL),ORDSYS.SI_AVERAGECOLOR(ORDSYS.SI_COLOR(82,81,73)),ORDSYS.SI_COLORHISTOGRAM(ORDSYS.COLORSLIST(ORDSYS.SI_COLOR(54,57,49),ORDSYS.SI_COLOR(39,32,25),ORDSYS.SI_COLOR(107,117,109),ORDSYS.SI_COLOR(152,167,146),ORDSYS.SI_COLOR(232,230,230),ORDSYS.SI_COLOR(76,44,43),ORDSYS.SI_COLOR(105,117,113),ORDSYS.SI_COLOR(169,32,21),ORDSYS.SI_COLOR(67,22,22),ORDSYS.SI_COLOR(132,119,117),ORDSYS.SI_COLOR(174,190,179),ORDSYS.SI_COLOR(205,230,207),ORDSYS.SI_COLOR(83,95,82),ORDSYS.SI_COLOR(98,114,102),ORDSYS.SI_COLOR(168,177,171),ORDSYS.SI_COLOR(116,11,7),ORDSYS.SI_COLOR(36,3,2),ORDSYS.SI_COLOR(131,124,114),ORDSYS.SI_COLOR(131,168,128),ORDSYS.SI_COLOR(112,145,108),ORDSYS.SI_COLOR(87,21,19),ORDSYS.SI_COLOR(115,138,126),ORDSYS.SI_COLOR(221,224,218),ORDSYS.SI_COLOR(129,154,129),ORDSYS.SI_COLOR(80,116,147),ORDSYS.SI_COLOR(148,176,194),ORDSYS.SI_COLOR(218,215,224),ORDSYS.SI_COLOR(61,54,57),ORDSYS.SI_COLOR(220,166,170),ORDSYS.SI_COLOR(120,128,126),ORDSYS.SI_COLOR(142,95,5),ORDSYS.SI_COLOR(230,227,224),ORDSYS.SI_COLOR(156,199,180),ORDSYS.SI_COLOR(253,251,251),ORDSYS.SI_COLOR(222,239,238),ORDSYS.SI_COLOR(213,248,243),ORDSYS.SI_COLOR(126,155,134),ORDSYS.SI_COLOR(145,55,42),ORDSYS.SI_COLOR(33,10,9),ORDSYS.SI_COLOR(51,57,56),ORDSYS.SI_COLOR(243,243,241),ORDSYS.SI_COLOR(157,158,157),ORDSYS.SI_COLOR(228,221,217),ORDSYS.SI_COLOR(181,180,180),ORDSYS.SI_COLOR(68,37,31),ORDSYS.SI_COLOR(166,149,139),ORDSYS.SI_COLOR(37,30,31),ORDSYS.SI_COLOR(212,234,228),ORDSYS.SI_COLOR(239,237,234),ORDSYS.SI_COLOR(84,84,86),ORDSYS.SI_COLOR(243,237,235),ORDSYS.SI_COLOR(141,144,146),ORDSYS.SI_COLOR(125,126,135),ORDSYS.SI_COLOR(169,116,116),ORDSYS.SI_COLOR(233,233,228),ORDSYS.SI_COLOR(112,118,107),ORDSYS.SI_COLOR(133,122,120),ORDSYS.SI_COLOR(112,130,124),ORDSYS.SI_COLOR(156,186,159),ORDSYS.SI_COLOR(127,120,94),ORDSYS.SI_COLOR(164,175,179),ORDSYS.SI_COLOR(108,93,76),ORDSYS.SI_COLOR(138,157,153),ORDSYS.SI_COLOR(205,227,216),ORDSYS.SI_COLOR(109,113,127),ORDSYS.SI_COLOR(238,236,237),ORDSYS.SI_COLOR(140,83,19),ORDSYS.SI_COLOR(63,55,53),ORDSYS.SI_COLOR(247,244,243),ORDSYS.SI_COLOR(78,20,23),ORDSYS.SI_COLOR(174,182,198),ORDSYS.SI_COLOR(108,27,28),ORDSYS.SI_COLOR(139,126,123),ORDSYS.SI_COLOR(165,165,158),ORDSYS.SI_COLOR(70,6,10),ORDSYS.SI_COLOR(249,248,246),ORDSYS.SI_COLOR(121,34,38),ORDSYS.SI_COLOR(214,228,233),ORDSYS.SI_COLOR(181,192,181),ORDSYS.SI_COLOR(168,212,189),ORDSYS.SI_COLOR(132,147,138),ORDSYS.SI_COLOR(52,40,34),ORDSYS.SI_COLOR(153,139,134),ORDSYS.SI_COLOR(249,250,248),ORDSYS.SI_COLOR(144,122,112),ORDSYS.SI_COLOR(73,47,48),ORDSYS.SI_COLOR(119,128,120),ORDSYS.SI_COLOR(98,119,135),ORDSYS.SI_COLOR(109,128,111),ORDSYS.SI_COLOR(23,10,9),ORDSYS.SI_COLOR(95,95,99),ORDSYS.SI_COLOR(143,169,163),ORDSYS.SI_COLOR(177,161,158),ORDSYS.SI_COLOR(64,80,84),ORDSYS.SI_COLOR(252,250,248),ORDSYS.SI_COLOR(193,180,177),ORDSYS.SI_COLOR(210,206,201),ORDSYS.SI_COLOR(76,88,82),ORDSYS.SI_COLOR(128,123,115),ORDSYS.SI_COLOR(182,167,162)),ORDSYS.COLORFREQUENCIESLIST(139920,17946.4,11595.2,8674.26,5639.41,5508.04,4994.64,3743.97,2638.07,2345.84,2227.88,2108.58,1937,1813.67,1812.33,1789.54,1682.31,1556.3,1432.98,1371.31,1340.48,1230.56,1223.86,1132.71,1079.09,1021.45,941.019,938.338,886.059,772.118,765.416,758.713,752.011,733.244,652.815,541.555,534.853,530.831,525.469,525.469,491.957,479.893,449.062,443.7,426.273,404.826,369.973,356.568,332.44,312.332,296.247,296.247,292.225,285.523,268.097,246.649,238.606,234.584,199.732,195.71,189.008,184.987,180.965,180.965,167.56,164.879,155.496,150.134,143.432,140.751,134.048,132.708,113.941,105.898,100.536,99.1957,97.8552,92.4933,92.4933,89.8123,87.1314,85.7909,81.7694,79.0885,79.0885,76.4075,73.7265,71.0456,69.7051,68.3646,67.0241,64.3432,61.6622,58.9812,54.9598,50.9383,42.8954,37.5335,34.8525,26.8097)),ORDSYS.SI_POSITIONALCOLOR(ORDSYS.COLORPOSITIONS(ORDSYS.SI_COLOR(221,224,218),ORDSYS.SI_COLOR(126,155,134),ORDSYS.SI_COLOR(112,145,108),ORDSYS.SI_COLOR(51,57,56),ORDSYS.SI_COLOR(33,10,9),ORDSYS.SI_COLOR(0,0,0),ORDSYS.SI_COLOR(156,199,180),ORDSYS.SI_COLOR(145,55,42),ORDSYS.SI_COLOR(129,154,129))),ORDSYS.SI_TEXTURE(ORDSYS.TEXTUREENCODING(18766,1592,12269,1068,3829)));
Insert into FOTOGRAFIE (ID,INCIDENT,FOTO,FOTO_SI,FOTO_AC,FOTO_CH,FOTO_PC,FOTO_TX) values ('31','3',ORDSYS.ORDIMAGE(ORDSYS.ORDSOURCE('oracle.sql.BLOB@2a494e5',NULL,NULL,NULL,'2016-12-12 16:39:18.0',1),787,1180,171529,'JFIF','24BITRGB','JPEG','image/jpeg'),ORDSYS.SI_STILLIMAGE(ORDSYS.ORDSOURCE('oracle.sql.BLOB@4ad4ba29',NULL,NULL,NULL,'2016-12-12 16:39:18.0',1),171529,'JFIF',787,1180,'image/jpeg','24BITRGB','JPEG',NULL,NULL,NULL,NULL,NULL,NULL),ORDSYS.SI_AVERAGECOLOR(ORDSYS.SI_COLOR(109,103,94)),ORDSYS.SI_COLORHISTOGRAM(ORDSYS.COLORSLIST(ORDSYS.SI_COLOR(63,58,57),ORDSYS.SI_COLOR(141,127,82),ORDSYS.SI_COLOR(209,193,150),ORDSYS.SI_COLOR(253,253,250),ORDSYS.SI_COLOR(153,145,129),ORDSYS.SI_COLOR(252,252,249),ORDSYS.SI_COLOR(173,158,133),ORDSYS.SI_COLOR(39,61,124),ORDSYS.SI_COLOR(56,60,84),ORDSYS.SI_COLOR(35,55,134),ORDSYS.SI_COLOR(244,243,241),ORDSYS.SI_COLOR(96,91,120),ORDSYS.SI_COLOR(134,111,81),ORDSYS.SI_COLOR(233,210,194),ORDSYS.SI_COLOR(64,69,84),ORDSYS.SI_COLOR(194,169,105),ORDSYS.SI_COLOR(234,235,202),ORDSYS.SI_COLOR(151,147,128),ORDSYS.SI_COLOR(209,204,179),ORDSYS.SI_COLOR(146,126,84),ORDSYS.SI_COLOR(47,61,100),ORDSYS.SI_COLOR(71,89,154),ORDSYS.SI_COLOR(117,86,54),ORDSYS.SI_COLOR(142,157,210),ORDSYS.SI_COLOR(240,213,186),ORDSYS.SI_COLOR(229,234,199),ORDSYS.SI_COLOR(202,186,140),ORDSYS.SI_COLOR(120,115,85),ORDSYS.SI_COLOR(123,112,83),ORDSYS.SI_COLOR(90,70,56),ORDSYS.SI_COLOR(247,120,104),ORDSYS.SI_COLOR(227,202,47),ORDSYS.SI_COLOR(166,164,170),ORDSYS.SI_COLOR(179,132,54),ORDSYS.SI_COLOR(117,127,168),ORDSYS.SI_COLOR(196,188,168),ORDSYS.SI_COLOR(172,161,130),ORDSYS.SI_COLOR(119,90,76),ORDSYS.SI_COLOR(101,84,66),ORDSYS.SI_COLOR(162,160,75),ORDSYS.SI_COLOR(67,67,64),ORDSYS.SI_COLOR(190,190,175),ORDSYS.SI_COLOR(45,54,116),ORDSYS.SI_COLOR(80,98,161),ORDSYS.SI_COLOR(179,179,150),ORDSYS.SI_COLOR(172,176,152),ORDSYS.SI_COLOR(123,120,173),ORDSYS.SI_COLOR(167,109,81),ORDSYS.SI_COLOR(153,141,126),ORDSYS.SI_COLOR(74,71,63),ORDSYS.SI_COLOR(240,242,198),ORDSYS.SI_COLOR(105,96,65),ORDSYS.SI_COLOR(149,47,47),ORDSYS.SI_COLOR(133,128,90),ORDSYS.SI_COLOR(196,182,142),ORDSYS.SI_COLOR(141,122,72),ORDSYS.SI_COLOR(41,55,98),ORDSYS.SI_COLOR(110,99,63),ORDSYS.SI_COLOR(222,223,209),ORDSYS.SI_COLOR(179,175,156),ORDSYS.SI_COLOR(195,71,63),ORDSYS.SI_COLOR(181,179,167),ORDSYS.SI_COLOR(137,143,116),ORDSYS.SI_COLOR(169,160,201),ORDSYS.SI_COLOR(249,188,180),ORDSYS.SI_COLOR(86,92,137),ORDSYS.SI_COLOR(179,153,95),ORDSYS.SI_COLOR(144,126,97),ORDSYS.SI_COLOR(201,190,233),ORDSYS.SI_COLOR(52,86,112),ORDSYS.SI_COLOR(175,152,54),ORDSYS.SI_COLOR(228,168,143),ORDSYS.SI_COLOR(182,170,139),ORDSYS.SI_COLOR(138,122,86),ORDSYS.SI_COLOR(198,188,141),ORDSYS.SI_COLOR(155,140,93),ORDSYS.SI_COLOR(177,184,183),ORDSYS.SI_COLOR(96,81,60),ORDSYS.SI_COLOR(112,112,74),ORDSYS.SI_COLOR(68,77,105),ORDSYS.SI_COLOR(64,54,40),ORDSYS.SI_COLOR(227,226,211),ORDSYS.SI_COLOR(153,127,41),ORDSYS.SI_COLOR(85,66,43),ORDSYS.SI_COLOR(53,74,98),ORDSYS.SI_COLOR(228,216,186),ORDSYS.SI_COLOR(177,160,124),ORDSYS.SI_COLOR(227,224,215),ORDSYS.SI_COLOR(110,111,138),ORDSYS.SI_COLOR(228,230,168),ORDSYS.SI_COLOR(127,103,58),ORDSYS.SI_COLOR(253,212,211),ORDSYS.SI_COLOR(175,162,119),ORDSYS.SI_COLOR(209,118,112),ORDSYS.SI_COLOR(97,93,63),ORDSYS.SI_COLOR(189,165,64),ORDSYS.SI_COLOR(129,88,74),ORDSYS.SI_COLOR(86,50,49),ORDSYS.SI_COLOR(76,73,88),ORDSYS.SI_COLOR(136,128,108)),ORDSYS.COLORFREQUENCIESLIST(129704,27639.6,11650.2,10406.9,6198.2,5738.74,4587.09,4336.34,2741.74,2737.24,2683.18,2630.63,2620.12,2609.61,2403.9,2051.05,1484.98,1309.31,1292.79,1136.64,947.448,941.441,908.408,801.802,762.763,750.751,738.739,665.165,665.165,620.12,615.616,539.039,472.973,444.444,442.943,436.937,423.423,397.898,394.895,373.874,372.372,364.865,352.853,337.838,322.823,294.294,285.285,279.279,258.258,255.255,246.246,232.733,225.225,220.721,214.715,205.706,202.703,199.7,192.192,190.691,186.186,184.685,171.171,168.168,147.147,145.646,139.64,136.637,129.129,129.129,127.628,126.126,126.126,118.619,111.111,108.108,108.108,106.607,105.105,103.604,100.601,100.601,94.5946,94.5946,88.5886,87.0871,87.0871,79.5796,75.0751,63.0631,58.5586,57.0571,51.0511,43.5435,42.042,34.5345,34.5345,34.5345,33.033,30.03)),ORDSYS.SI_POSITIONALCOLOR(ORDSYS.COLORPOSITIONS(ORDSYS.SI_COLOR(0,0,0),ORDSYS.SI_COLOR(166,164,170),ORDSYS.SI_COLOR(0,0,0),ORDSYS.SI_COLOR(196,188,168),ORDSYS.SI_COLOR(117,127,168),ORDSYS.SI_COLOR(162,160,75),ORDSYS.SI_COLOR(101,84,66),ORDSYS.SI_COLOR(119,90,76),ORDSYS.SI_COLOR(240,213,186))),ORDSYS.SI_TEXTURE(ORDSYS.TEXTUREENCODING(18573,3564,5785,3346,5932)));
Insert into FOTOGRAFIE (ID,INCIDENT,FOTO,FOTO_SI,FOTO_AC,FOTO_CH,FOTO_PC,FOTO_TX) values ('32','3',ORDSYS.ORDIMAGE(ORDSYS.ORDSOURCE('oracle.sql.BLOB@bae7aa6',NULL,NULL,NULL,'2016-12-12 16:39:19.0',1),450,600,104727,'JFIF','24BITRGB','JPEG','image/jpeg'),ORDSYS.SI_STILLIMAGE(ORDSYS.ORDSOURCE('oracle.sql.BLOB@41a313e8',NULL,NULL,NULL,'2016-12-12 16:39:19.0',1),104727,'JFIF',450,600,'image/jpeg','24BITRGB','JPEG',NULL,NULL,NULL,NULL,NULL,NULL),ORDSYS.SI_AVERAGECOLOR(ORDSYS.SI_COLOR(74,48,44)),ORDSYS.SI_COLORHISTOGRAM(ORDSYS.COLORSLIST(ORDSYS.SI_COLOR(12,10,8),ORDSYS.SI_COLOR(63,39,31),ORDSYS.SI_COLOR(46,21,11),ORDSYS.SI_COLOR(152,39,48),ORDSYS.SI_COLOR(122,69,82),ORDSYS.SI_COLOR(136,105,105),ORDSYS.SI_COLOR(82,23,20),ORDSYS.SI_COLOR(197,188,185),ORDSYS.SI_COLOR(83,29,23),ORDSYS.SI_COLOR(157,164,175),ORDSYS.SI_COLOR(86,69,60),ORDSYS.SI_COLOR(99,96,57),ORDSYS.SI_COLOR(147,113,122),ORDSYS.SI_COLOR(83,67,59),ORDSYS.SI_COLOR(80,75,68),ORDSYS.SI_COLOR(106,27,24),ORDSYS.SI_COLOR(63,71,72),ORDSYS.SI_COLOR(135,136,120),ORDSYS.SI_COLOR(108,36,32),ORDSYS.SI_COLOR(153,58,67),ORDSYS.SI_COLOR(161,106,126),ORDSYS.SI_COLOR(198,123,125),ORDSYS.SI_COLOR(92,78,70),ORDSYS.SI_COLOR(221,209,188),ORDSYS.SI_COLOR(157,77,84),ORDSYS.SI_COLOR(98,18,20),ORDSYS.SI_COLOR(107,32,36),ORDSYS.SI_COLOR(129,83,29),ORDSYS.SI_COLOR(105,41,39),ORDSYS.SI_COLOR(104,94,84),ORDSYS.SI_COLOR(121,121,107),ORDSYS.SI_COLOR(101,10,9),ORDSYS.SI_COLOR(84,90,84),ORDSYS.SI_COLOR(86,89,79),ORDSYS.SI_COLOR(105,109,101),ORDSYS.SI_COLOR(81,22,21),ORDSYS.SI_COLOR(143,44,44),ORDSYS.SI_COLOR(63,55,46),ORDSYS.SI_COLOR(139,60,68),ORDSYS.SI_COLOR(163,159,25),ORDSYS.SI_COLOR(230,59,92),ORDSYS.SI_COLOR(30,27,24),ORDSYS.SI_COLOR(126,79,78),ORDSYS.SI_COLOR(160,150,16),ORDSYS.SI_COLOR(115,57,74),ORDSYS.SI_COLOR(114,73,65),ORDSYS.SI_COLOR(155,36,31),ORDSYS.SI_COLOR(75,61,59),ORDSYS.SI_COLOR(241,110,143),ORDSYS.SI_COLOR(119,74,87),ORDSYS.SI_COLOR(109,72,97),ORDSYS.SI_COLOR(98,94,88),ORDSYS.SI_COLOR(119,36,40),ORDSYS.SI_COLOR(120,119,113),ORDSYS.SI_COLOR(191,195,169),ORDSYS.SI_COLOR(143,184,202),ORDSYS.SI_COLOR(187,204,198),ORDSYS.SI_COLOR(207,227,215),ORDSYS.SI_COLOR(127,41,34),ORDSYS.SI_COLOR(122,66,63),ORDSYS.SI_COLOR(171,110,10),ORDSYS.SI_COLOR(145,109,97),ORDSYS.SI_COLOR(122,120,118),ORDSYS.SI_COLOR(169,64,59),ORDSYS.SI_COLOR(173,126,96),ORDSYS.SI_COLOR(109,95,65),ORDSYS.SI_COLOR(165,146,24),ORDSYS.SI_COLOR(155,9,20),ORDSYS.SI_COLOR(75,55,9),ORDSYS.SI_COLOR(145,114,99),ORDSYS.SI_COLOR(120,166,196),ORDSYS.SI_COLOR(157,137,115),ORDSYS.SI_COLOR(93,77,71),ORDSYS.SI_COLOR(189,218,227),ORDSYS.SI_COLOR(50,67,35),ORDSYS.SI_COLOR(8,5,4),ORDSYS.SI_COLOR(145,71,76),ORDSYS.SI_COLOR(161,19,17),ORDSYS.SI_COLOR(76,85,60),ORDSYS.SI_COLOR(66,79,73),ORDSYS.SI_COLOR(97,53,31),ORDSYS.SI_COLOR(103,134,119),ORDSYS.SI_COLOR(116,69,65),ORDSYS.SI_COLOR(238,20,68),ORDSYS.SI_COLOR(143,80,73),ORDSYS.SI_COLOR(79,85,78),ORDSYS.SI_COLOR(60,16,19),ORDSYS.SI_COLOR(16,46,46),ORDSYS.SI_COLOR(39,76,96),ORDSYS.SI_COLOR(173,102,85),ORDSYS.SI_COLOR(205,16,38),ORDSYS.SI_COLOR(142,34,36),ORDSYS.SI_COLOR(96,94,91),ORDSYS.SI_COLOR(98,82,58),ORDSYS.SI_COLOR(95,95,83),ORDSYS.SI_COLOR(94,37,67),ORDSYS.SI_COLOR(102,142,173),ORDSYS.SI_COLOR(181,159,121),ORDSYS.SI_COLOR(160,30,51),ORDSYS.SI_COLOR(67,113,109)),ORDSYS.COLORFREQUENCIESLIST(73850.7,39329.3,15048,11180,8774.67,7042.67,6484,5013.33,4330.67,3120,2886.67,2753.33,2732,2561.33,2460,2396,2369.33,2286.67,2189.33,1569.33,1529.33,1506.67,1493.33,1492,1456,1453.33,1438.67,1405.33,1381.33,1298.67,1225.33,1202.67,1186.67,1150.67,1074.67,1038.67,1025.33,946.667,749.333,744,714.667,694.667,693.333,689.333,666.667,644,628,628,585.333,573.333,569.333,552,536,534.667,501.333,481.333,469.333,464,457.333,446.667,446.667,428,408,406.667,357.333,345.333,328,312,302.667,296,289.333,288,260,257.333,254.667,253.333,237.333,229.333,229.333,222.667,221.333,212,210.667,208,206.667,204,201.333,201.333,193.333,192,178.667,174.667,165.333,164,162.667,160,160,160,160,154.667)),ORDSYS.SI_POSITIONALCOLOR(ORDSYS.COLORPOSITIONS(ORDSYS.SI_COLOR(101,10,9),ORDSYS.SI_COLOR(163,159,25),ORDSYS.SI_COLOR(0,0,0),ORDSYS.SI_COLOR(139,60,68),ORDSYS.SI_COLOR(161,106,126),ORDSYS.SI_COLOR(121,121,107),ORDSYS.SI_COLOR(143,44,44),ORDSYS.SI_COLOR(104,94,84),ORDSYS.SI_COLOR(63,55,46))),ORDSYS.SI_TEXTURE(ORDSYS.TEXTUREENCODING(12281,753,5175,2398,3955)));
Insert into FOTOGRAFIE (ID,INCIDENT,FOTO,FOTO_SI,FOTO_AC,FOTO_CH,FOTO_PC,FOTO_TX) values ('33','11',ORDSYS.ORDIMAGE(ORDSYS.ORDSOURCE('oracle.sql.BLOB@6786b485',NULL,NULL,NULL,'2016-12-12 16:40:52.0',1),700,1050,200803,'JFIF','24BITRGB','JPEG','image/jpeg'),ORDSYS.SI_STILLIMAGE(ORDSYS.ORDSOURCE('oracle.sql.BLOB@86c5fae',NULL,NULL,NULL,'2016-12-12 16:40:52.0',1),200803,'JFIF',700,1050,'image/jpeg','24BITRGB','JPEG',NULL,NULL,NULL,NULL,NULL,NULL),ORDSYS.SI_AVERAGECOLOR(ORDSYS.SI_COLOR(64,52,43)),ORDSYS.SI_COLORHISTOGRAM(ORDSYS.COLORSLIST(ORDSYS.SI_COLOR(47,38,32),ORDSYS.SI_COLOR(113,87,67),ORDSYS.SI_COLOR(31,37,52),ORDSYS.SI_COLOR(189,178,174),ORDSYS.SI_COLOR(117,100,79),ORDSYS.SI_COLOR(140,116,105),ORDSYS.SI_COLOR(175,140,110),ORDSYS.SI_COLOR(109,96,87),ORDSYS.SI_COLOR(151,108,94),ORDSYS.SI_COLOR(121,121,125),ORDSYS.SI_COLOR(239,222,104),ORDSYS.SI_COLOR(150,120,91),ORDSYS.SI_COLOR(119,101,60),ORDSYS.SI_COLOR(88,83,86),ORDSYS.SI_COLOR(25,16,18),ORDSYS.SI_COLOR(73,80,94),ORDSYS.SI_COLOR(121,89,66),ORDSYS.SI_COLOR(175,147,130),ORDSYS.SI_COLOR(86,88,94),ORDSYS.SI_COLOR(162,151,139),ORDSYS.SI_COLOR(143,139,73),ORDSYS.SI_COLOR(117,103,96),ORDSYS.SI_COLOR(228,213,67),ORDSYS.SI_COLOR(250,227,144),ORDSYS.SI_COLOR(62,33,19),ORDSYS.SI_COLOR(111,96,68),ORDSYS.SI_COLOR(69,47,18),ORDSYS.SI_COLOR(185,147,126),ORDSYS.SI_COLOR(243,208,90),ORDSYS.SI_COLOR(164,84,96),ORDSYS.SI_COLOR(109,84,73),ORDSYS.SI_COLOR(238,225,144),ORDSYS.SI_COLOR(124,81,43),ORDSYS.SI_COLOR(240,227,142),ORDSYS.SI_COLOR(126,50,42),ORDSYS.SI_COLOR(214,136,92),ORDSYS.SI_COLOR(172,127,118),ORDSYS.SI_COLOR(67,51,18),ORDSYS.SI_COLOR(229,223,66),ORDSYS.SI_COLOR(238,75,70),ORDSYS.SI_COLOR(110,76,96),ORDSYS.SI_COLOR(247,208,64),ORDSYS.SI_COLOR(159,128,97),ORDSYS.SI_COLOR(99,97,15),ORDSYS.SI_COLOR(92,89,91),ORDSYS.SI_COLOR(236,214,96),ORDSYS.SI_COLOR(81,111,150),ORDSYS.SI_COLOR(204,79,85),ORDSYS.SI_COLOR(233,216,55),ORDSYS.SI_COLOR(119,87,77),ORDSYS.SI_COLOR(248,208,53),ORDSYS.SI_COLOR(249,214,76),ORDSYS.SI_COLOR(236,207,76),ORDSYS.SI_COLOR(67,86,142),ORDSYS.SI_COLOR(181,141,101),ORDSYS.SI_COLOR(157,200,4),ORDSYS.SI_COLOR(235,83,91),ORDSYS.SI_COLOR(249,244,231),ORDSYS.SI_COLOR(130,124,107),ORDSYS.SI_COLOR(226,218,77),ORDSYS.SI_COLOR(118,107,108),ORDSYS.SI_COLOR(96,100,78),ORDSYS.SI_COLOR(112,75,38),ORDSYS.SI_COLOR(42,38,3),ORDSYS.SI_COLOR(66,49,37),ORDSYS.SI_COLOR(161,111,113),ORDSYS.SI_COLOR(118,101,129),ORDSYS.SI_COLOR(196,70,73),ORDSYS.SI_COLOR(153,128,70),ORDSYS.SI_COLOR(234,236,29),ORDSYS.SI_COLOR(173,130,122),ORDSYS.SI_COLOR(188,133,146),ORDSYS.SI_COLOR(210,168,156),ORDSYS.SI_COLOR(178,105,81),ORDSYS.SI_COLOR(86,64,48),ORDSYS.SI_COLOR(221,206,67),ORDSYS.SI_COLOR(247,170,143),ORDSYS.SI_COLOR(158,116,107),ORDSYS.SI_COLOR(36,24,19),ORDSYS.SI_COLOR(116,92,74),ORDSYS.SI_COLOR(122,85,113),ORDSYS.SI_COLOR(219,220,227),ORDSYS.SI_COLOR(67,37,18),ORDSYS.SI_COLOR(202,161,131),ORDSYS.SI_COLOR(103,64,34),ORDSYS.SI_COLOR(149,109,101),ORDSYS.SI_COLOR(105,65,30),ORDSYS.SI_COLOR(126,95,56),ORDSYS.SI_COLOR(181,144,86),ORDSYS.SI_COLOR(240,213,84),ORDSYS.SI_COLOR(96,80,47),ORDSYS.SI_COLOR(151,147,152),ORDSYS.SI_COLOR(225,58,65),ORDSYS.SI_COLOR(170,168,96),ORDSYS.SI_COLOR(102,54,55),ORDSYS.SI_COLOR(245,236,42),ORDSYS.SI_COLOR(57,52,46),ORDSYS.SI_COLOR(172,163,102),ORDSYS.SI_COLOR(90,60,48),ORDSYS.SI_COLOR(98,101,85)),ORDSYS.COLORFREQUENCIESLIST(198871,5274.77,3301.8,2747.75,2713.21,2486.49,2292.79,2096.1,1810.81,1611.11,1406.91,1379.88,1118.62,992.493,977.478,920.42,848.348,761.261,666.667,585.586,566.066,558.559,448.949,444.444,438.438,429.429,364.865,346.847,307.808,301.802,280.781,280.781,276.276,273.273,268.769,262.763,259.76,246.246,240.24,238.739,238.739,232.733,228.228,225.225,222.222,217.718,214.715,198.198,192.192,184.685,183.183,180.18,178.679,174.174,166.667,165.165,163.664,159.159,153.153,151.652,150.15,148.649,142.643,141.141,141.141,139.64,127.628,126.126,123.123,121.622,121.622,105.105,105.105,103.604,102.102,100.601,96.0961,94.5946,93.0931,87.0871,84.0841,84.0841,82.5826,82.5826,79.5796,75.0751,73.5736,73.5736,72.0721,72.0721,66.0661,64.5646,63.0631,60.0601,52.5526,49.5496,49.5496,45.045,45.045,43.5435)),ORDSYS.SI_POSITIONALCOLOR(ORDSYS.COLORPOSITIONS(ORDSYS.SI_COLOR(140,116,105),ORDSYS.SI_COLOR(124,81,43),ORDSYS.SI_COLOR(243,208,90),ORDSYS.SI_COLOR(117,103,96),ORDSYS.SI_COLOR(229,223,66),ORDSYS.SI_COLOR(172,127,118),ORDSYS.SI_COLOR(250,227,144),ORDSYS.SI_COLOR(238,75,70),ORDSYS.SI_COLOR(238,225,144))),ORDSYS.SI_TEXTURE(ORDSYS.TEXTUREENCODING(18641,2660,7532,2343,6170)));
Insert into FOTOGRAFIE (ID,INCIDENT,FOTO,FOTO_SI,FOTO_AC,FOTO_CH,FOTO_PC,FOTO_TX) values ('34','11',ORDSYS.ORDIMAGE(ORDSYS.ORDSOURCE('oracle.sql.BLOB@706f6f4f',NULL,NULL,NULL,'2016-12-12 16:40:54.0',1),682,1024,330860,'JFIF','24BITRGB','JPEG-PROGRESSIVE','image/jpeg'),ORDSYS.SI_STILLIMAGE(ORDSYS.ORDSOURCE('oracle.sql.BLOB@298a0ef9',NULL,NULL,NULL,'2016-12-12 16:40:54.0',1),330860,'JFIF',682,1024,'image/jpeg','24BITRGB','JPEG-PROGRESSIVE',NULL,NULL,NULL,NULL,NULL,NULL),ORDSYS.SI_AVERAGECOLOR(ORDSYS.SI_COLOR(78,75,71)),ORDSYS.SI_COLORHISTOGRAM(ORDSYS.COLORSLIST(ORDSYS.SI_COLOR(53,49,42),ORDSYS.SI_COLOR(112,116,106),ORDSYS.SI_COLOR(50,51,52),ORDSYS.SI_COLOR(164,173,172),ORDSYS.SI_COLOR(179,190,196),ORDSYS.SI_COLOR(184,176,182),ORDSYS.SI_COLOR(170,161,159),ORDSYS.SI_COLOR(30,70,146),ORDSYS.SI_COLOR(146,108,101),ORDSYS.SI_COLOR(96,94,80),ORDSYS.SI_COLOR(86,38,42),ORDSYS.SI_COLOR(207,212,215),ORDSYS.SI_COLOR(209,217,222),ORDSYS.SI_COLOR(69,125,217),ORDSYS.SI_COLOR(129,99,87),ORDSYS.SI_COLOR(154,144,146),ORDSYS.SI_COLOR(77,40,46),ORDSYS.SI_COLOR(179,182,156),ORDSYS.SI_COLOR(46,60,98),ORDSYS.SI_COLOR(181,129,67),ORDSYS.SI_COLOR(133,156,155),ORDSYS.SI_COLOR(142,47,72),ORDSYS.SI_COLOR(48,65,84),ORDSYS.SI_COLOR(156,73,81),ORDSYS.SI_COLOR(172,103,109),ORDSYS.SI_COLOR(108,122,129),ORDSYS.SI_COLOR(49,109,192),ORDSYS.SI_COLOR(93,85,86),ORDSYS.SI_COLOR(57,60,77),ORDSYS.SI_COLOR(116,157,234),ORDSYS.SI_COLOR(125,141,137),ORDSYS.SI_COLOR(133,106,111),ORDSYS.SI_COLOR(110,51,54),ORDSYS.SI_COLOR(65,35,32),ORDSYS.SI_COLOR(87,96,104),ORDSYS.SI_COLOR(106,40,57),ORDSYS.SI_COLOR(185,199,199),ORDSYS.SI_COLOR(125,73,47),ORDSYS.SI_COLOR(90,94,101),ORDSYS.SI_COLOR(73,75,87),ORDSYS.SI_COLOR(159,115,85),ORDSYS.SI_COLOR(166,177,171),ORDSYS.SI_COLOR(151,152,122),ORDSYS.SI_COLOR(190,170,165),ORDSYS.SI_COLOR(137,46,64),ORDSYS.SI_COLOR(138,106,90),ORDSYS.SI_COLOR(216,146,126),ORDSYS.SI_COLOR(140,112,100),ORDSYS.SI_COLOR(129,124,130),ORDSYS.SI_COLOR(194,207,71),ORDSYS.SI_COLOR(159,108,79),ORDSYS.SI_COLOR(125,55,59),ORDSYS.SI_COLOR(194,191,126),ORDSYS.SI_COLOR(137,144,148),ORDSYS.SI_COLOR(158,146,144),ORDSYS.SI_COLOR(147,50,52),ORDSYS.SI_COLOR(232,236,202),ORDSYS.SI_COLOR(193,70,72),ORDSYS.SI_COLOR(147,161,151),ORDSYS.SI_COLOR(176,104,96),ORDSYS.SI_COLOR(117,96,95),ORDSYS.SI_COLOR(215,80,92),ORDSYS.SI_COLOR(55,75,104),ORDSYS.SI_COLOR(91,39,39),ORDSYS.SI_COLOR(97,113,135),ORDSYS.SI_COLOR(167,169,51),ORDSYS.SI_COLOR(135,149,143),ORDSYS.SI_COLOR(160,178,182),ORDSYS.SI_COLOR(147,167,177),ORDSYS.SI_COLOR(159,60,72),ORDSYS.SI_COLOR(204,225,225),ORDSYS.SI_COLOR(59,79,106),ORDSYS.SI_COLOR(166,77,84),ORDSYS.SI_COLOR(233,229,224),ORDSYS.SI_COLOR(105,85,81),ORDSYS.SI_COLOR(234,227,217),ORDSYS.SI_COLOR(147,175,190),ORDSYS.SI_COLOR(147,170,169),ORDSYS.SI_COLOR(79,61,44),ORDSYS.SI_COLOR(59,41,44),ORDSYS.SI_COLOR(183,140,88),ORDSYS.SI_COLOR(239,238,223),ORDSYS.SI_COLOR(162,68,92),ORDSYS.SI_COLOR(207,100,111),ORDSYS.SI_COLOR(60,19,28),ORDSYS.SI_COLOR(59,66,65),ORDSYS.SI_COLOR(184,109,129),ORDSYS.SI_COLOR(159,136,117),ORDSYS.SI_COLOR(164,55,76),ORDSYS.SI_COLOR(200,213,90),ORDSYS.SI_COLOR(108,99,81),ORDSYS.SI_COLOR(0,0,0)),ORDSYS.COLORFREQUENCIESLIST(161033,18369.4,12277.8,10399.4,7295.8,4824.32,2644.14,2108.11,1825.83,1821.32,1663.66,1427.93,1342.34,936.937,935.435,929.429,819.82,789.79,717.718,699.7,651.652,647.147,629.129,594.595,504.505,498.499,469.97,457.958,453.453,439.94,403.904,399.399,390.39,388.889,381.381,369.369,360.36,342.342,337.838,337.838,330.33,327.327,301.802,297.297,253.754,217.718,208.709,208.709,207.207,207.207,204.204,202.703,192.192,186.186,186.186,184.685,165.165,163.664,159.159,154.655,150.15,147.147,142.643,139.64,139.64,136.637,135.135,135.135,130.631,129.129,114.114,108.108,96.0961,94.5946,93.0931,91.5916,90.0901,81.0811,79.5796,73.5736,73.5736,64.5646,54.0541,48.048,46.5465,45.045,42.042,36.036,33.033,33.033,6.00601,0)),ORDSYS.SI_POSITIONALCOLOR(ORDSYS.COLORPOSITIONS(ORDSYS.SI_COLOR(49,109,192),ORDSYS.SI_COLOR(73,75,87),ORDSYS.SI_COLOR(0,0,0),ORDSYS.SI_COLOR(112,116,106),ORDSYS.SI_COLOR(129,99,87),ORDSYS.SI_COLOR(125,73,47),ORDSYS.SI_COLOR(87,96,104),ORDSYS.SI_COLOR(90,94,101),ORDSYS.SI_COLOR(125,141,137))),ORDSYS.SI_TEXTURE(ORDSYS.TEXTUREENCODING(13484,1748,6635,1318,3832)));
Insert into FOTOGRAFIE (ID,INCIDENT,FOTO,FOTO_SI,FOTO_AC,FOTO_CH,FOTO_PC,FOTO_TX) values ('35','11',ORDSYS.ORDIMAGE(ORDSYS.ORDSOURCE('oracle.sql.BLOB@7b7aa5d1',NULL,NULL,NULL,'2016-12-12 16:40:57.0',1),499,750,63714,'JFIF','24BITRGB','JPEG','image/jpeg'),ORDSYS.SI_STILLIMAGE(ORDSYS.ORDSOURCE('oracle.sql.BLOB@1181143f',NULL,NULL,NULL,'2016-12-12 16:40:57.0',1),63714,'JFIF',499,750,'image/jpeg','24BITRGB','JPEG',NULL,NULL,NULL,NULL,NULL,NULL),ORDSYS.SI_AVERAGECOLOR(ORDSYS.SI_COLOR(76,74,76)),ORDSYS.SI_COLORHISTOGRAM(ORDSYS.COLORSLIST(ORDSYS.SI_COLOR(61,60,61),ORDSYS.SI_COLOR(110,93,81),ORDSYS.SI_COLOR(121,125,123),ORDSYS.SI_COLOR(52,67,96),ORDSYS.SI_COLOR(204,214,209),ORDSYS.SI_COLOR(102,87,68),ORDSYS.SI_COLOR(105,109,117),ORDSYS.SI_COLOR(92,102,121),ORDSYS.SI_COLOR(129,140,151),ORDSYS.SI_COLOR(227,231,234),ORDSYS.SI_COLOR(155,77,76),ORDSYS.SI_COLOR(116,123,115),ORDSYS.SI_COLOR(79,81,94),ORDSYS.SI_COLOR(98,116,138),ORDSYS.SI_COLOR(119,149,196),ORDSYS.SI_COLOR(166,82,84),ORDSYS.SI_COLOR(131,131,133),ORDSYS.SI_COLOR(87,82,114),ORDSYS.SI_COLOR(69,104,172),ORDSYS.SI_COLOR(130,68,69),ORDSYS.SI_COLOR(130,54,52),ORDSYS.SI_COLOR(77,90,106),ORDSYS.SI_COLOR(73,97,125),ORDSYS.SI_COLOR(166,151,147),ORDSYS.SI_COLOR(120,108,102),ORDSYS.SI_COLOR(132,122,122),ORDSYS.SI_COLOR(66,93,142),ORDSYS.SI_COLOR(169,191,216),ORDSYS.SI_COLOR(176,170,128),ORDSYS.SI_COLOR(159,156,96),ORDSYS.SI_COLOR(129,140,168),ORDSYS.SI_COLOR(170,183,202),ORDSYS.SI_COLOR(118,107,88),ORDSYS.SI_COLOR(163,179,211),ORDSYS.SI_COLOR(123,131,135),ORDSYS.SI_COLOR(109,112,122),ORDSYS.SI_COLOR(222,222,223),ORDSYS.SI_COLOR(110,98,82),ORDSYS.SI_COLOR(166,94,53),ORDSYS.SI_COLOR(166,169,172),ORDSYS.SI_COLOR(99,111,135),ORDSYS.SI_COLOR(68,79,105),ORDSYS.SI_COLOR(236,240,243),ORDSYS.SI_COLOR(164,167,173),ORDSYS.SI_COLOR(185,190,194),ORDSYS.SI_COLOR(176,184,190),ORDSYS.SI_COLOR(181,186,182),ORDSYS.SI_COLOR(117,122,129),ORDSYS.SI_COLOR(215,209,230),ORDSYS.SI_COLOR(46,66,109),ORDSYS.SI_COLOR(81,106,158),ORDSYS.SI_COLOR(96,105,128),ORDSYS.SI_COLOR(75,57,40),ORDSYS.SI_COLOR(187,169,138),ORDSYS.SI_COLOR(175,122,103),ORDSYS.SI_COLOR(128,64,66),ORDSYS.SI_COLOR(136,136,137),ORDSYS.SI_COLOR(196,108,108),ORDSYS.SI_COLOR(128,107,75),ORDSYS.SI_COLOR(77,44,38),ORDSYS.SI_COLOR(66,86,133),ORDSYS.SI_COLOR(115,99,56),ORDSYS.SI_COLOR(241,245,246),ORDSYS.SI_COLOR(217,212,123),ORDSYS.SI_COLOR(213,214,214),ORDSYS.SI_COLOR(170,89,88),ORDSYS.SI_COLOR(56,67,93),ORDSYS.SI_COLOR(78,87,117),ORDSYS.SI_COLOR(165,139,136),ORDSYS.SI_COLOR(179,118,125),ORDSYS.SI_COLOR(214,217,218),ORDSYS.SI_COLOR(235,237,240),ORDSYS.SI_COLOR(124,59,63),ORDSYS.SI_COLOR(115,93,85),ORDSYS.SI_COLOR(169,158,101),ORDSYS.SI_COLOR(175,219,246),ORDSYS.SI_COLOR(99,121,174),ORDSYS.SI_COLOR(206,166,184),ORDSYS.SI_COLOR(116,120,125),ORDSYS.SI_COLOR(180,130,106),ORDSYS.SI_COLOR(154,162,163),ORDSYS.SI_COLOR(88,114,125),ORDSYS.SI_COLOR(154,74,68),ORDSYS.SI_COLOR(176,144,104),ORDSYS.SI_COLOR(148,165,186),ORDSYS.SI_COLOR(73,102,133),ORDSYS.SI_COLOR(101,139,182),ORDSYS.SI_COLOR(139,109,101),ORDSYS.SI_COLOR(226,217,210),ORDSYS.SI_COLOR(171,137,122),ORDSYS.SI_COLOR(133,124,86),ORDSYS.SI_COLOR(169,151,49),ORDSYS.SI_COLOR(141,72,77),ORDSYS.SI_COLOR(153,155,159),ORDSYS.SI_COLOR(203,173,163),ORDSYS.SI_COLOR(156,128,111),ORDSYS.SI_COLOR(230,240,245),ORDSYS.SI_COLOR(135,78,78),ORDSYS.SI_COLOR(123,116,82),ORDSYS.SI_COLOR(118,143,177)),ORDSYS.COLORFREQUENCIESLIST(187919,4159.64,4007.53,3274.1,2926.2,2387.05,2328.31,2242.47,2138.55,1977.41,1658.13,1462.35,1408.13,1257.53,1173.19,1167.17,1121.99,1099.4,1060.24,995.482,972.892,951.807,865.964,864.458,849.398,816.265,790.663,718.374,662.651,561.747,515.06,493.976,480.422,445.783,412.651,403.614,384.036,381.024,371.988,367.47,367.47,350.904,349.398,298.193,293.675,281.627,280.12,277.108,274.096,269.578,265.06,262.048,254.518,253.012,243.976,242.47,239.458,236.446,221.386,215.361,204.819,167.169,167.169,158.133,153.614,147.59,143.072,138.554,132.53,131.024,125,123.494,121.988,114.458,111.446,102.41,100.904,100.904,100.904,99.3976,97.8916,87.3494,84.3373,81.3253,78.3133,76.8072,75.3012,70.7831,69.2771,67.7711,66.2651,64.759,63.253,58.7349,54.2169,52.7108,52.7108,51.2048,49.6988,45.1807)),ORDSYS.SI_POSITIONALCOLOR(ORDSYS.COLORPOSITIONS(ORDSYS.SI_COLOR(116,123,115),ORDSYS.SI_COLOR(110,98,82),ORDSYS.SI_COLOR(0,0,0),ORDSYS.SI_COLOR(222,222,223),ORDSYS.SI_COLOR(166,169,172),ORDSYS.SI_COLOR(119,149,196),ORDSYS.SI_COLOR(109,112,122),ORDSYS.SI_COLOR(159,156,96),ORDSYS.SI_COLOR(166,94,53))),ORDSYS.SI_TEXTURE(ORDSYS.TEXTUREENCODING(12741,1033,5795,3446,2516)));
Insert into FOTOGRAFIE (ID,INCIDENT,FOTO,FOTO_SI,FOTO_AC,FOTO_CH,FOTO_PC,FOTO_TX) values ('42','1',ORDSYS.ORDIMAGE(ORDSYS.ORDSOURCE('oracle.sql.BLOB@1a9f1457',NULL,NULL,NULL,'2016-12-12 17:14:34.0',1),471,630,90140,'JFIF','24BITRGB','JPEG','image/jpeg'),ORDSYS.SI_STILLIMAGE(ORDSYS.ORDSOURCE('oracle.sql.BLOB@639b2c3b',NULL,NULL,NULL,'2016-12-12 17:14:34.0',1),90140,'JFIF',471,630,'image/jpeg','24BITRGB','JPEG',NULL,NULL,NULL,NULL,NULL,NULL),ORDSYS.SI_AVERAGECOLOR(ORDSYS.SI_COLOR(82,81,73)),ORDSYS.SI_COLORHISTOGRAM(ORDSYS.COLORSLIST(ORDSYS.SI_COLOR(54,57,49),ORDSYS.SI_COLOR(39,32,25),ORDSYS.SI_COLOR(107,117,109),ORDSYS.SI_COLOR(152,167,146),ORDSYS.SI_COLOR(232,230,230),ORDSYS.SI_COLOR(76,44,43),ORDSYS.SI_COLOR(105,117,113),ORDSYS.SI_COLOR(169,32,21),ORDSYS.SI_COLOR(67,22,22),ORDSYS.SI_COLOR(132,119,117),ORDSYS.SI_COLOR(174,190,179),ORDSYS.SI_COLOR(205,230,207),ORDSYS.SI_COLOR(83,95,82),ORDSYS.SI_COLOR(98,114,102),ORDSYS.SI_COLOR(168,177,171),ORDSYS.SI_COLOR(116,11,7),ORDSYS.SI_COLOR(36,3,2),ORDSYS.SI_COLOR(131,124,114),ORDSYS.SI_COLOR(131,168,128),ORDSYS.SI_COLOR(112,145,108),ORDSYS.SI_COLOR(87,21,19),ORDSYS.SI_COLOR(115,138,126),ORDSYS.SI_COLOR(221,224,218),ORDSYS.SI_COLOR(129,154,129),ORDSYS.SI_COLOR(80,116,147),ORDSYS.SI_COLOR(148,176,194),ORDSYS.SI_COLOR(218,215,224),ORDSYS.SI_COLOR(61,54,57),ORDSYS.SI_COLOR(220,166,170),ORDSYS.SI_COLOR(120,128,126),ORDSYS.SI_COLOR(142,95,5),ORDSYS.SI_COLOR(230,227,224),ORDSYS.SI_COLOR(156,199,180),ORDSYS.SI_COLOR(253,251,251),ORDSYS.SI_COLOR(222,239,238),ORDSYS.SI_COLOR(213,248,243),ORDSYS.SI_COLOR(126,155,134),ORDSYS.SI_COLOR(145,55,42),ORDSYS.SI_COLOR(33,10,9),ORDSYS.SI_COLOR(51,57,56),ORDSYS.SI_COLOR(243,243,241),ORDSYS.SI_COLOR(157,158,157),ORDSYS.SI_COLOR(228,221,217),ORDSYS.SI_COLOR(181,180,180),ORDSYS.SI_COLOR(68,37,31),ORDSYS.SI_COLOR(166,149,139),ORDSYS.SI_COLOR(37,30,31),ORDSYS.SI_COLOR(212,234,228),ORDSYS.SI_COLOR(239,237,234),ORDSYS.SI_COLOR(84,84,86),ORDSYS.SI_COLOR(243,237,235),ORDSYS.SI_COLOR(141,144,146),ORDSYS.SI_COLOR(125,126,135),ORDSYS.SI_COLOR(169,116,116),ORDSYS.SI_COLOR(233,233,228),ORDSYS.SI_COLOR(112,118,107),ORDSYS.SI_COLOR(133,122,120),ORDSYS.SI_COLOR(112,130,124),ORDSYS.SI_COLOR(156,186,159),ORDSYS.SI_COLOR(127,120,94),ORDSYS.SI_COLOR(164,175,179),ORDSYS.SI_COLOR(108,93,76),ORDSYS.SI_COLOR(138,157,153),ORDSYS.SI_COLOR(205,227,216),ORDSYS.SI_COLOR(109,113,127),ORDSYS.SI_COLOR(238,236,237),ORDSYS.SI_COLOR(140,83,19),ORDSYS.SI_COLOR(63,55,53),ORDSYS.SI_COLOR(247,244,243),ORDSYS.SI_COLOR(78,20,23),ORDSYS.SI_COLOR(174,182,198),ORDSYS.SI_COLOR(108,27,28),ORDSYS.SI_COLOR(139,126,123),ORDSYS.SI_COLOR(165,165,158),ORDSYS.SI_COLOR(70,6,10),ORDSYS.SI_COLOR(249,248,246),ORDSYS.SI_COLOR(121,34,38),ORDSYS.SI_COLOR(214,228,233),ORDSYS.SI_COLOR(181,192,181),ORDSYS.SI_COLOR(168,212,189),ORDSYS.SI_COLOR(132,147,138),ORDSYS.SI_COLOR(52,40,34),ORDSYS.SI_COLOR(153,139,134),ORDSYS.SI_COLOR(249,250,248),ORDSYS.SI_COLOR(144,122,112),ORDSYS.SI_COLOR(73,47,48),ORDSYS.SI_COLOR(119,128,120),ORDSYS.SI_COLOR(98,119,135),ORDSYS.SI_COLOR(109,128,111),ORDSYS.SI_COLOR(23,10,9),ORDSYS.SI_COLOR(95,95,99),ORDSYS.SI_COLOR(143,169,163),ORDSYS.SI_COLOR(177,161,158),ORDSYS.SI_COLOR(64,80,84),ORDSYS.SI_COLOR(252,250,248),ORDSYS.SI_COLOR(193,180,177),ORDSYS.SI_COLOR(210,206,201),ORDSYS.SI_COLOR(76,88,82),ORDSYS.SI_COLOR(128,123,115),ORDSYS.SI_COLOR(182,167,162)),ORDSYS.COLORFREQUENCIESLIST(139920,17946.4,11595.2,8674.26,5639.41,5508.04,4994.64,3743.97,2638.07,2345.84,2227.88,2108.58,1937,1813.67,1812.33,1789.54,1682.31,1556.3,1432.98,1371.31,1340.48,1230.56,1223.86,1132.71,1079.09,1021.45,941.019,938.338,886.059,772.118,765.416,758.713,752.011,733.244,652.815,541.555,534.853,530.831,525.469,525.469,491.957,479.893,449.062,443.7,426.273,404.826,369.973,356.568,332.44,312.332,296.247,296.247,292.225,285.523,268.097,246.649,238.606,234.584,199.732,195.71,189.008,184.987,180.965,180.965,167.56,164.879,155.496,150.134,143.432,140.751,134.048,132.708,113.941,105.898,100.536,99.1957,97.8552,92.4933,92.4933,89.8123,87.1314,85.7909,81.7694,79.0885,79.0885,76.4075,73.7265,71.0456,69.7051,68.3646,67.0241,64.3432,61.6622,58.9812,54.9598,50.9383,42.8954,37.5335,34.8525,26.8097)),ORDSYS.SI_POSITIONALCOLOR(ORDSYS.COLORPOSITIONS(ORDSYS.SI_COLOR(221,224,218),ORDSYS.SI_COLOR(126,155,134),ORDSYS.SI_COLOR(112,145,108),ORDSYS.SI_COLOR(51,57,56),ORDSYS.SI_COLOR(33,10,9),ORDSYS.SI_COLOR(0,0,0),ORDSYS.SI_COLOR(156,199,180),ORDSYS.SI_COLOR(145,55,42),ORDSYS.SI_COLOR(129,154,129))),ORDSYS.SI_TEXTURE(ORDSYS.TEXTUREENCODING(18766,1592,12269,1068,3829)));
Insert into FOTOGRAFIE (ID,INCIDENT,FOTO,FOTO_SI,FOTO_AC,FOTO_CH,FOTO_PC,FOTO_TX) values ('39','8',ORDSYS.ORDIMAGE(ORDSYS.ORDSOURCE('oracle.sql.BLOB@4d6149b4',NULL,NULL,NULL,'2016-12-12 16:43:25.0',1),500,750,64408,'JFIF','24BITRGB','JPEG','image/jpeg'),ORDSYS.SI_STILLIMAGE(ORDSYS.ORDSOURCE('oracle.sql.BLOB@54588ccb',NULL,NULL,NULL,'2016-12-12 16:43:25.0',1),64408,'JFIF',500,750,'image/jpeg','24BITRGB','JPEG',NULL,NULL,NULL,NULL,NULL,NULL),ORDSYS.SI_AVERAGECOLOR(ORDSYS.SI_COLOR(103,103,103)),ORDSYS.SI_COLORHISTOGRAM(ORDSYS.COLORSLIST(ORDSYS.SI_COLOR(157,157,157),ORDSYS.SI_COLOR(48,48,48),ORDSYS.SI_COLOR(16,16,16),ORDSYS.SI_COLOR(142,142,142),ORDSYS.SI_COLOR(127,127,127),ORDSYS.SI_COLOR(137,137,137),ORDSYS.SI_COLOR(125,125,125),ORDSYS.SI_COLOR(42,42,42),ORDSYS.SI_COLOR(134,134,134),ORDSYS.SI_COLOR(16,16,16),ORDSYS.SI_COLOR(67,67,67),ORDSYS.SI_COLOR(18,18,18),ORDSYS.SI_COLOR(143,143,143),ORDSYS.SI_COLOR(10,10,10),ORDSYS.SI_COLOR(79,79,79),ORDSYS.SI_COLOR(156,156,156),ORDSYS.SI_COLOR(119,119,119),ORDSYS.SI_COLOR(60,60,60),ORDSYS.SI_COLOR(58,58,58),ORDSYS.SI_COLOR(20,20,20),ORDSYS.SI_COLOR(122,122,122),ORDSYS.SI_COLOR(50,50,50),ORDSYS.SI_COLOR(66,66,66),ORDSYS.SI_COLOR(82,82,82),ORDSYS.SI_COLOR(42,42,42),ORDSYS.SI_COLOR(87,87,87),ORDSYS.SI_COLOR(200,200,200),ORDSYS.SI_COLOR(39,39,39),ORDSYS.SI_COLOR(31,31,31),ORDSYS.SI_COLOR(72,72,72),ORDSYS.SI_COLOR(114,114,114),ORDSYS.SI_COLOR(20,20,20),ORDSYS.SI_COLOR(89,89,89),ORDSYS.SI_COLOR(30,30,30),ORDSYS.SI_COLOR(48,48,48),ORDSYS.SI_COLOR(142,142,142),ORDSYS.SI_COLOR(141,141,141),ORDSYS.SI_COLOR(104,104,104),ORDSYS.SI_COLOR(47,47,47),ORDSYS.SI_COLOR(127,127,127),ORDSYS.SI_COLOR(178,178,178),ORDSYS.SI_COLOR(26,26,26),ORDSYS.SI_COLOR(134,134,134),ORDSYS.SI_COLOR(39,39,39),ORDSYS.SI_COLOR(77,77,77),ORDSYS.SI_COLOR(78,78,78),ORDSYS.SI_COLOR(80,80,80),ORDSYS.SI_COLOR(25,25,25),ORDSYS.SI_COLOR(118,118,118),ORDSYS.SI_COLOR(203,203,203),ORDSYS.SI_COLOR(204,204,204),ORDSYS.SI_COLOR(22,22,22),ORDSYS.SI_COLOR(57,57,57),ORDSYS.SI_COLOR(113,113,113),ORDSYS.SI_COLOR(83,83,83),ORDSYS.SI_COLOR(123,123,123),ORDSYS.SI_COLOR(24,24,24),ORDSYS.SI_COLOR(77,77,77),ORDSYS.SI_COLOR(134,134,134),ORDSYS.SI_COLOR(167,167,167),ORDSYS.SI_COLOR(60,60,60),ORDSYS.SI_COLOR(195,195,195),ORDSYS.SI_COLOR(83,83,83),ORDSYS.SI_COLOR(67,67,67),ORDSYS.SI_COLOR(103,103,103),ORDSYS.SI_COLOR(32,32,32),ORDSYS.SI_COLOR(117,117,117),ORDSYS.SI_COLOR(217,217,217),ORDSYS.SI_COLOR(167,167,167),ORDSYS.SI_COLOR(106,106,106),ORDSYS.SI_COLOR(142,142,142),ORDSYS.SI_COLOR(154,154,154),ORDSYS.SI_COLOR(26,26,26),ORDSYS.SI_COLOR(175,175,175),ORDSYS.SI_COLOR(145,145,145),ORDSYS.SI_COLOR(99,99,99),ORDSYS.SI_COLOR(161,161,161),ORDSYS.SI_COLOR(217,217,217),ORDSYS.SI_COLOR(158,158,158),ORDSYS.SI_COLOR(82,82,82),ORDSYS.SI_COLOR(70,70,70),ORDSYS.SI_COLOR(35,35,35),ORDSYS.SI_COLOR(125,125,125),ORDSYS.SI_COLOR(0,0,0)),ORDSYS.COLORFREQUENCIESLIST(93683.2,52623.1,21461,11630.6,10786.8,9091.59,7444.44,5839.34,4921.92,4067.57,3522.52,1948.95,1720.72,1337.84,1091.59,1001.5,975.976,881.381,723.724,699.7,590.09,576.577,572.072,531.532,495.496,400.901,399.399,393.393,381.381,375.375,372.372,333.333,331.832,291.291,283.784,259.76,258.258,237.237,237.237,232.733,228.228,223.724,199.7,193.694,192.192,187.688,174.174,160.661,160.661,156.156,148.649,142.643,139.64,126.126,124.625,118.619,111.111,105.105,102.102,100.601,97.5976,82.5826,79.5796,79.5796,78.0781,72.0721,70.5706,69.0691,63.0631,61.5616,60.0601,52.5526,46.5465,46.5465,45.045,43.5435,40.5405,40.5405,34.5345,31.5315,25.5255,24.024,16.5165,0)),ORDSYS.SI_POSITIONALCOLOR(ORDSYS.COLORPOSITIONS(ORDSYS.SI_COLOR(72,72,72),ORDSYS.SI_COLOR(82,82,82),ORDSYS.SI_COLOR(47,47,47),ORDSYS.SI_COLOR(20,20,20),ORDSYS.SI_COLOR(0,0,0),ORDSYS.SI_COLOR(48,48,48),ORDSYS.SI_COLOR(104,104,104),ORDSYS.SI_COLOR(141,141,141),ORDSYS.SI_COLOR(127,127,127))),ORDSYS.SI_TEXTURE(ORDSYS.TEXTUREENCODING(23100,1519,10174,4067,7385)));
Insert into FOTOGRAFIE (ID,INCIDENT,FOTO,FOTO_SI,FOTO_AC,FOTO_CH,FOTO_PC,FOTO_TX) values ('40','2',ORDSYS.ORDIMAGE(ORDSYS.ORDSOURCE('oracle.sql.BLOB@368717bb',NULL,NULL,NULL,'2016-12-12 16:49:09.0',1),772,1024,206893,'JFIF','24BITRGB','JPEG-PROGRESSIVE','image/jpeg'),ORDSYS.SI_STILLIMAGE(ORDSYS.ORDSOURCE('oracle.sql.BLOB@c470fa4',NULL,NULL,NULL,'2016-12-12 16:49:09.0',1),206893,'JFIF',772,1024,'image/jpeg','24BITRGB','JPEG-PROGRESSIVE',NULL,NULL,NULL,NULL,NULL,NULL),ORDSYS.SI_AVERAGECOLOR(ORDSYS.SI_COLOR(144,144,142)),ORDSYS.SI_COLORHISTOGRAM(ORDSYS.COLORSLIST(ORDSYS.SI_COLOR(45,45,42),ORDSYS.SI_COLOR(165,165,165),ORDSYS.SI_COLOR(240,239,238),ORDSYS.SI_COLOR(236,235,234),ORDSYS.SI_COLOR(167,167,165),ORDSYS.SI_COLOR(98,100,99),ORDSYS.SI_COLOR(161,161,160),ORDSYS.SI_COLOR(232,229,227),ORDSYS.SI_COLOR(105,106,104),ORDSYS.SI_COLOR(66,64,61),ORDSYS.SI_COLOR(22,21,18),ORDSYS.SI_COLOR(228,227,226),ORDSYS.SI_COLOR(14,11,7),ORDSYS.SI_COLOR(22,20,17),ORDSYS.SI_COLOR(71,72,70),ORDSYS.SI_COLOR(44,42,38),ORDSYS.SI_COLOR(145,145,143),ORDSYS.SI_COLOR(172,171,170),ORDSYS.SI_COLOR(42,42,40),ORDSYS.SI_COLOR(232,229,226),ORDSYS.SI_COLOR(159,159,157),ORDSYS.SI_COLOR(175,174,172),ORDSYS.SI_COLOR(99,99,98),ORDSYS.SI_COLOR(182,181,178),ORDSYS.SI_COLOR(22,21,17),ORDSYS.SI_COLOR(172,172,172),ORDSYS.SI_COLOR(100,102,101),ORDSYS.SI_COLOR(45,42,36),ORDSYS.SI_COLOR(213,212,212),ORDSYS.SI_COLOR(153,152,149),ORDSYS.SI_COLOR(108,109,107),ORDSYS.SI_COLOR(185,185,183),ORDSYS.SI_COLOR(54,53,50),ORDSYS.SI_COLOR(220,219,217),ORDSYS.SI_COLOR(134,135,133),ORDSYS.SI_COLOR(114,114,113),ORDSYS.SI_COLOR(192,191,190),ORDSYS.SI_COLOR(213,211,210),ORDSYS.SI_COLOR(115,115,112),ORDSYS.SI_COLOR(137,137,135),ORDSYS.SI_COLOR(205,203,200),ORDSYS.SI_COLOR(137,138,136),ORDSYS.SI_COLOR(250,250,249),ORDSYS.SI_COLOR(203,202,203),ORDSYS.SI_COLOR(151,149,145),ORDSYS.SI_COLOR(199,197,194),ORDSYS.SI_COLOR(223,220,218),ORDSYS.SI_COLOR(115,116,116),ORDSYS.SI_COLOR(129,131,130),ORDSYS.SI_COLOR(79,78,76),ORDSYS.SI_COLOR(204,203,202),ORDSYS.SI_COLOR(207,205,204),ORDSYS.SI_COLOR(196,195,195),ORDSYS.SI_COLOR(221,218,215),ORDSYS.SI_COLOR(144,145,144),ORDSYS.SI_COLOR(162,162,161),ORDSYS.SI_COLOR(24,23,21),ORDSYS.SI_COLOR(50,50,47),ORDSYS.SI_COLOR(136,135,131),ORDSYS.SI_COLOR(170,169,167),ORDSYS.SI_COLOR(237,237,236),ORDSYS.SI_COLOR(67,67,65),ORDSYS.SI_COLOR(221,219,219),ORDSYS.SI_COLOR(35,35,33),ORDSYS.SI_COLOR(110,113,112),ORDSYS.SI_COLOR(134,133,131),ORDSYS.SI_COLOR(92,93,92),ORDSYS.SI_COLOR(189,189,189),ORDSYS.SI_COLOR(16,15,13),ORDSYS.SI_COLOR(117,118,119),ORDSYS.SI_COLOR(227,225,223),ORDSYS.SI_COLOR(208,209,208),ORDSYS.SI_COLOR(153,155,154),ORDSYS.SI_COLOR(71,72,70),ORDSYS.SI_COLOR(178,177,176),ORDSYS.SI_COLOR(100,100,99),ORDSYS.SI_COLOR(102,104,104),ORDSYS.SI_COLOR(111,111,109),ORDSYS.SI_COLOR(88,88,86),ORDSYS.SI_COLOR(107,108,105),ORDSYS.SI_COLOR(161,160,158),ORDSYS.SI_COLOR(127,128,127),ORDSYS.SI_COLOR(129,130,130),ORDSYS.SI_COLOR(100,101,99),ORDSYS.SI_COLOR(162,162,160),ORDSYS.SI_COLOR(140,141,139),ORDSYS.SI_COLOR(159,156,152),ORDSYS.SI_COLOR(227,227,228),ORDSYS.SI_COLOR(169,168,166),ORDSYS.SI_COLOR(88,90,88),ORDSYS.SI_COLOR(111,111,110),ORDSYS.SI_COLOR(168,168,166),ORDSYS.SI_COLOR(83,83,81),ORDSYS.SI_COLOR(141,141,139),ORDSYS.SI_COLOR(119,120,120),ORDSYS.SI_COLOR(105,106,106),ORDSYS.SI_COLOR(16,15,13),ORDSYS.SI_COLOR(192,191,189),ORDSYS.SI_COLOR(225,226,226),ORDSYS.SI_COLOR(185,186,186)),ORDSYS.COLORFREQUENCIESLIST(44154.3,38345.7,36110.4,25993.4,12174.2,8344.42,6441.49,6117.02,6114.36,4747.34,4125,3692.82,3071.81,2760.64,2723.4,2718.09,2480.05,2461.44,2323.14,1700.8,1522.61,1450.8,1394.95,1377.66,1276.6,1043.88,1035.9,1026.6,868.351,861.702,708.777,671.543,659.574,609.043,574.468,492.021,465.426,458.777,453.457,452.128,432.181,428.191,412.234,396.277,372.34,352.394,333.777,319.149,301.862,299.202,293.883,277.926,272.606,261.968,259.309,231.383,226.064,222.074,216.755,214.096,212.766,203.457,192.819,184.84,183.511,179.521,174.202,170.213,148.936,147.606,140.957,136.968,134.309,132.979,128.989,126.33,126.33,117.021,111.702,110.372,102.394,101.064,95.7447,95.7447,94.4149,90.4255,90.4255,90.4255,83.7766,83.7766,83.7766,81.117,77.1277,77.1277,74.4681,71.8085,71.8085,71.8085,69.1489,65.1596)),ORDSYS.SI_POSITIONALCOLOR(ORDSYS.COLORPOSITIONS(ORDSYS.SI_COLOR(114,114,113),ORDSYS.SI_COLOR(172,172,172),ORDSYS.SI_COLOR(185,185,183),ORDSYS.SI_COLOR(213,211,210),ORDSYS.SI_COLOR(192,191,190),ORDSYS.SI_COLOR(228,227,226),ORDSYS.SI_COLOR(108,109,107),ORDSYS.SI_COLOR(137,137,135),ORDSYS.SI_COLOR(0,0,0))),ORDSYS.SI_TEXTURE(ORDSYS.TEXTUREENCODING(34427,1966,8915,4357,19180)));
Insert into FOTOGRAFIE (ID,INCIDENT,FOTO,FOTO_SI,FOTO_AC,FOTO_CH,FOTO_PC,FOTO_TX) values ('41','2',ORDSYS.ORDIMAGE(ORDSYS.ORDSOURCE('oracle.sql.BLOB@4b2cdb71',NULL,NULL,NULL,'2016-12-12 16:49:10.0',1),856,1144,145397,'JFIF','24BITRGB','JPEG','image/jpeg'),ORDSYS.SI_STILLIMAGE(ORDSYS.ORDSOURCE('oracle.sql.BLOB@5b82280b',NULL,NULL,NULL,'2016-12-12 16:49:11.0',1),145397,'JFIF',856,1144,'image/jpeg','24BITRGB','JPEG',NULL,NULL,NULL,NULL,NULL,NULL),ORDSYS.SI_AVERAGECOLOR(ORDSYS.SI_COLOR(159,156,157)),ORDSYS.SI_COLORHISTOGRAM(ORDSYS.COLORSLIST(ORDSYS.SI_COLOR(240,241,244),ORDSYS.SI_COLOR(73,66,61),ORDSYS.SI_COLOR(135,136,145),ORDSYS.SI_COLOR(165,134,145),ORDSYS.SI_COLOR(184,123,138),ORDSYS.SI_COLOR(76,73,79),ORDSYS.SI_COLOR(67,65,71),ORDSYS.SI_COLOR(183,80,100),ORDSYS.SI_COLOR(197,198,192),ORDSYS.SI_COLOR(187,184,191),ORDSYS.SI_COLOR(189,189,197),ORDSYS.SI_COLOR(42,42,43),ORDSYS.SI_COLOR(88,78,88),ORDSYS.SI_COLOR(167,101,120),ORDSYS.SI_COLOR(187,186,195),ORDSYS.SI_COLOR(176,104,123),ORDSYS.SI_COLOR(188,184,195),ORDSYS.SI_COLOR(231,235,243),ORDSYS.SI_COLOR(214,162,171),ORDSYS.SI_COLOR(126,94,106),ORDSYS.SI_COLOR(47,46,52),ORDSYS.SI_COLOR(70,68,70),ORDSYS.SI_COLOR(0,0,0)),ORDSYS.COLORFREQUENCIESLIST(105773,85077.5,50001.3,1795.45,1649.73,1084.22,739.305,649.733,447.861,409.091,358.289,312.834,274.064,207.219,191.176,185.829,153.743,84.2246,70.8556,56.1497,44.1176,18.7166,0)),ORDSYS.SI_POSITIONALCOLOR(ORDSYS.COLORPOSITIONS(ORDSYS.SI_COLOR(0,0,0),ORDSYS.SI_COLOR(197,198,192),ORDSYS.SI_COLOR(0,0,0),ORDSYS.SI_COLOR(47,46,52),ORDSYS.SI_COLOR(70,68,70),ORDSYS.SI_COLOR(73,66,61),ORDSYS.SI_COLOR(0,0,0),ORDSYS.SI_COLOR(188,184,195),ORDSYS.SI_COLOR(0,0,0))),ORDSYS.SI_TEXTURE(ORDSYS.TEXTUREENCODING(5495,532,1670,350,2944)));
REM INSERTING into INCIDENT
SET DEFINE OFF;
Insert into INCIDENT (ID,STANICE,UDALOST,ZPOZDENI,POPIS,DATUM,PRICINA,ZRANENI,POHLAVI,VEK) values ('2','4','Pád osoby do kolejiště','10','Starší muž spadl do kolejiště poté, co mu tam spadl mobilní telefon.',to_date('10.11.16','DD.MM.RR'),'upadnutí předmětu do kolejiště','lehké','muž','70');
Insert into INCIDENT (ID,STANICE,UDALOST,ZPOZDENI,POPIS,DATUM,PRICINA,ZRANENI,POHLAVI,VEK) values ('1','5','Uvíznutí osoby','150','Opilec známý pod jménem Pepa se zasekl mezi dveřmi.',to_date('06.12.16','DD.MM.RR'),'neopatrnost','bez zranění','muž','55');
Insert into INCIDENT (ID,STANICE,UDALOST,ZPOZDENI,POPIS,DATUM,PRICINA,ZRANENI,POHLAVI,VEK) values ('3','3','Zaběhnuté zvíře','25','Ženě se zaběhl pes přímo do tunelu. Způsobeno zpoždění z důvodu hledání psa.',to_date('25.07.16','DD.MM.RR'),'neopatrnost','bez zranění','žena','32');
Insert into INCIDENT (ID,STANICE,UDALOST,ZPOZDENI,POPIS,DATUM,PRICINA,ZRANENI,POHLAVI,VEK) values ('4','4','Pád osoby do kolejiště','150','Mladá dívka skočila do kolejiště před brzdící vagón.',to_date('19.09.16','DD.MM.RR'),'pokus o sebevraždu','lehké','žena','25');
Insert into INCIDENT (ID,STANICE,UDALOST,ZPOZDENI,POPIS,DATUM,PRICINA,ZRANENI,POHLAVI,VEK) values ('5','4','Srážka s osobou','15','Opilý muž spadl přímo na koleje a plazil se do tunelu.',to_date('01.11.16','DD.MM.RR'),'neopatrnost','lehké','muž','35');
Insert into INCIDENT (ID,STANICE,UDALOST,ZPOZDENI,POPIS,DATUM,PRICINA,ZRANENI,POHLAVI,VEK) values ('6','1','Pád osoby do kolejiště','10','Chlapci upadl do kolejiště předmět batoh, následně byl vytažen jedním z kolemjdoucích. ',to_date('07.12.16','DD.MM.RR'),'upadnutí předmětu do kolejiště','bez zranění','muž','12');
Insert into INCIDENT (ID,STANICE,UDALOST,ZPOZDENI,POPIS,DATUM,PRICINA,ZRANENI,POHLAVI,VEK) values ('10','1','Uvíznutí osoby','10','Muž uvízl mezi vlakovou soupravou a nástupištěm.',to_date('01.12.16','DD.MM.RR'),'pokus o sebevraždu','bez zranění','muž','28');
Insert into INCIDENT (ID,STANICE,UDALOST,ZPOZDENI,POPIS,DATUM,PRICINA,ZRANENI,POHLAVI,VEK) values ('7','3','Zachycení osoby soupravou','90','Starší dámě spadla kabelka do kolejiště, následně byla zachycena soupravou.',to_date('27.11.16','DD.MM.RR'),'upadnutí předmětu do kolejiště','smrt','muž','40');
Insert into INCIDENT (ID,STANICE,UDALOST,ZPOZDENI,POPIS,DATUM,PRICINA,ZRANENI,POHLAVI,VEK) values ('8','14','Zaběhnuté zvíře','5','Mladík pustil svého psa do kolejiště.',to_date('11.12.16','DD.MM.RR'),'neopatrnost','bez zranění','muž','25');
Insert into INCIDENT (ID,STANICE,UDALOST,ZPOZDENI,POPIS,DATUM,PRICINA,ZRANENI,POHLAVI,VEK) values ('9','11','Srážka s osobou','190','Žena se pokusila o sebevraždu skokem před projíždějící vlak.',to_date('12.12.16','DD.MM.RR'),'pokus o sebevraždu','smrt','žena','48');
Insert into INCIDENT (ID,STANICE,UDALOST,ZPOZDENI,POPIS,DATUM,PRICINA,ZRANENI,POHLAVI,VEK) values ('11','4','Uvíznutí osoby','15','Starší podnapilý muž uvázl mezi soupravou a nástupištěm',to_date('24.08.16','DD.MM.RR'),'neopatrnost','bez zranění','muž','65');
REM INSERTING into LINKA
SET DEFINE OFF;
Insert into LINKA (ID,NAZEV,ID_OBJEKTU) values ('1','linka-A','3');
Insert into LINKA (ID,NAZEV,ID_OBJEKTU) values ('2','Linka-B','16');
Insert into LINKA (ID,NAZEV,ID_OBJEKTU) values ('3','Linka-C','17');
Insert into LINKA (ID,NAZEV,ID_OBJEKTU) values ('4','Linka-bez-stanic','32');
REM INSERTING into MAPA
SET DEFINE OFF;
Insert into MAPA (ID,GEOMETRIE,BARVA) values ('1',MDSYS.SDO_GEOMETRY(2003,NULL,NULL,MDSYS.SDO_ELEM_INFO_ARRAY(1,1003,3),MDSYS.SDO_ORDINATE_ARRAY(100,5,140,90)),'#b8b894');
Insert into MAPA (ID,GEOMETRIE,BARVA) values ('2',MDSYS.SDO_GEOMETRY(2003,NULL,NULL,MDSYS.SDO_ELEM_INFO_ARRAY(1,1003,3),MDSYS.SDO_ORDINATE_ARRAY(95,90,145,115)),'#b8b894');
Insert into MAPA (ID,GEOMETRIE,BARVA) values ('3',MDSYS.SDO_GEOMETRY(2002,NULL,NULL,MDSYS.SDO_ELEM_INFO_ARRAY(1,2,1),MDSYS.SDO_ORDINATE_ARRAY(125,10,135,20,110,80,125,100)),'#3333ff');
Insert into MAPA (ID,GEOMETRIE,BARVA) values ('4',MDSYS.SDO_GEOMETRY(2001,NULL,NULL,MDSYS.SDO_ELEM_INFO_ARRAY(1,1,1),MDSYS.SDO_ORDINATE_ARRAY(125,10)),'#000000');
Insert into MAPA (ID,GEOMETRIE,BARVA) values ('5',MDSYS.SDO_GEOMETRY(2001,NULL,NULL,MDSYS.SDO_ELEM_INFO_ARRAY(1,1,1),MDSYS.SDO_ORDINATE_ARRAY(135,20)),'#000000');
Insert into MAPA (ID,GEOMETRIE,BARVA) values ('6',MDSYS.SDO_GEOMETRY(2001,NULL,NULL,MDSYS.SDO_ELEM_INFO_ARRAY(1,1,1),MDSYS.SDO_ORDINATE_ARRAY(110,80)),'#000000');
Insert into MAPA (ID,GEOMETRIE,BARVA) values ('7',MDSYS.SDO_GEOMETRY(2001,NULL,NULL,MDSYS.SDO_ELEM_INFO_ARRAY(1,1,1),MDSYS.SDO_ORDINATE_ARRAY(125,100)),'#000000');
Insert into MAPA (ID,GEOMETRIE,BARVA) values ('16',MDSYS.SDO_GEOMETRY(2002,NULL,NULL,MDSYS.SDO_ELEM_INFO_ARRAY(1,2,1),MDSYS.SDO_ORDINATE_ARRAY(259,80,259,160,193,202,137,202,65,135)),'#ff0000');
Insert into MAPA (ID,GEOMETRIE,BARVA) values ('17',MDSYS.SDO_GEOMETRY(2002,NULL,NULL,MDSYS.SDO_ELEM_INFO_ARRAY(1,2,1),MDSYS.SDO_ORDINATE_ARRAY(142,249,142,223,86,195,109,146,106,105,171,144,169,69,188,71)),'#ffff00');
Insert into MAPA (ID,GEOMETRIE,BARVA) values ('18',MDSYS.SDO_GEOMETRY(2001,NULL,MDSYS.SDO_POINT_TYPE(143,248,NULL),NULL,NULL),'#000000');
Insert into MAPA (ID,GEOMETRIE,BARVA) values ('14',MDSYS.SDO_GEOMETRY(2003,NULL,NULL,MDSYS.SDO_ELEM_INFO_ARRAY(1,1003,1),MDSYS.SDO_ORDINATE_ARRAY(145,56,145,180,271,181,270,56,145,56)),'#0000ff');
Insert into MAPA (ID,GEOMETRIE,BARVA) values ('15',MDSYS.SDO_GEOMETRY(2003,NULL,NULL,MDSYS.SDO_ELEM_INFO_ARRAY(1,1003,1),MDSYS.SDO_ORDINATE_ARRAY(42,115,146,115,146,180,271,182,141,262,49,206,42,115)),'#00ff00');
Insert into MAPA (ID,GEOMETRIE,BARVA) values ('33',MDSYS.SDO_GEOMETRY(2001,NULL,MDSYS.SDO_POINT_TYPE(135,123,NULL),NULL,NULL),'#000000');
Insert into MAPA (ID,GEOMETRIE,BARVA) values ('19',MDSYS.SDO_GEOMETRY(2001,NULL,MDSYS.SDO_POINT_TYPE(143,249,NULL),NULL,NULL),'#000000');
Insert into MAPA (ID,GEOMETRIE,BARVA) values ('20',MDSYS.SDO_GEOMETRY(2001,NULL,MDSYS.SDO_POINT_TYPE(142,224,NULL),NULL,NULL),'#000000');
Insert into MAPA (ID,GEOMETRIE,BARVA) values ('21',MDSYS.SDO_GEOMETRY(2001,NULL,MDSYS.SDO_POINT_TYPE(105,204,NULL),NULL,NULL),'#000000');
Insert into MAPA (ID,GEOMETRIE,BARVA) values ('22',MDSYS.SDO_GEOMETRY(2001,NULL,MDSYS.SDO_POINT_TYPE(99,166,NULL),NULL,NULL),'#000000');
Insert into MAPA (ID,GEOMETRIE,BARVA) values ('23',MDSYS.SDO_GEOMETRY(2001,NULL,MDSYS.SDO_POINT_TYPE(107,107,NULL),NULL,NULL),'#000000');
Insert into MAPA (ID,GEOMETRIE,BARVA) values ('24',MDSYS.SDO_GEOMETRY(2001,NULL,MDSYS.SDO_POINT_TYPE(172,144,NULL),NULL,NULL),'#000000');
Insert into MAPA (ID,GEOMETRIE,BARVA) values ('25',MDSYS.SDO_GEOMETRY(2001,NULL,MDSYS.SDO_POINT_TYPE(169,71,NULL),NULL,NULL),'#000000');
Insert into MAPA (ID,GEOMETRIE,BARVA) values ('26',MDSYS.SDO_GEOMETRY(2001,NULL,MDSYS.SDO_POINT_TYPE(189,73,NULL),NULL,NULL),'#000000');
Insert into MAPA (ID,GEOMETRIE,BARVA) values ('27',MDSYS.SDO_GEOMETRY(2001,NULL,MDSYS.SDO_POINT_TYPE(259,81,NULL),NULL,NULL),'#000000');
Insert into MAPA (ID,GEOMETRIE,BARVA) values ('28',MDSYS.SDO_GEOMETRY(2001,NULL,MDSYS.SDO_POINT_TYPE(259,160,NULL),NULL,NULL),'#000000');
Insert into MAPA (ID,GEOMETRIE,BARVA) values ('29',MDSYS.SDO_GEOMETRY(2001,NULL,MDSYS.SDO_POINT_TYPE(194,201,NULL),NULL,NULL),'#000000');
Insert into MAPA (ID,GEOMETRIE,BARVA) values ('30',MDSYS.SDO_GEOMETRY(2001,NULL,MDSYS.SDO_POINT_TYPE(139,202,NULL),NULL,NULL),'#000000');
Insert into MAPA (ID,GEOMETRIE,BARVA) values ('31',MDSYS.SDO_GEOMETRY(2001,NULL,MDSYS.SDO_POINT_TYPE(67,137,NULL),NULL,NULL),'#000000');
Insert into MAPA (ID,GEOMETRIE,BARVA) values ('32',MDSYS.SDO_GEOMETRY(2002,NULL,NULL,MDSYS.SDO_ELEM_INFO_ARRAY(1,2,1),MDSYS.SDO_ORDINATE_ARRAY(204,149,218,103)),'#000000');
REM INSERTING into MDRT_4DDFF$
SET DEFINE OFF;
Insert into MDRT_4DDFF$ (NODE_ID,NODE_LEVEL) values ('2','1');
Insert into MDRT_4DDFF$ (NODE_ID,NODE_LEVEL) values ('2','2');
REM INSERTING into OBVOD
SET DEFINE OFF;
Insert into OBVOD (ID,NAZEV,ID_OBJEKTU) values ('1','obvod-A','1');
Insert into OBVOD (ID,NAZEV,ID_OBJEKTU) values ('2','obvod-B','2');
Insert into OBVOD (ID,NAZEV,ID_OBJEKTU) values ('10','Obvod-D','15');
Insert into OBVOD (ID,NAZEV,ID_OBJEKTU) values ('9','Obvod-C','14');
REM INSERTING into STANICE
SET DEFINE OFF;
Insert into STANICE (ID,NAZEV,ID_OBJEKTU) values ('1','stanice-A','4');
Insert into STANICE (ID,NAZEV,ID_OBJEKTU) values ('2','stanice-B','5');
Insert into STANICE (ID,NAZEV,ID_OBJEKTU) values ('3','stanice-C','6');
Insert into STANICE (ID,NAZEV,ID_OBJEKTU) values ('4','stanice-D','7');
Insert into STANICE (ID,NAZEV,ID_OBJEKTU) values ('18','bodLinka','33');
Insert into STANICE (ID,NAZEV,ID_OBJEKTU) values ('5','Stanice-1','19');
Insert into STANICE (ID,NAZEV,ID_OBJEKTU) values ('6','Stanice-2','20');
Insert into STANICE (ID,NAZEV,ID_OBJEKTU) values ('7','Stanice-3','21');
Insert into STANICE (ID,NAZEV,ID_OBJEKTU) values ('8','Stanice-4','22');
Insert into STANICE (ID,NAZEV,ID_OBJEKTU) values ('9','Stanice-5','23');
Insert into STANICE (ID,NAZEV,ID_OBJEKTU) values ('10','Stanice-6','24');
Insert into STANICE (ID,NAZEV,ID_OBJEKTU) values ('11','Stanice-7','25');
Insert into STANICE (ID,NAZEV,ID_OBJEKTU) values ('12','Stanice-8','26');
Insert into STANICE (ID,NAZEV,ID_OBJEKTU) values ('13','Stanice-X','27');
Insert into STANICE (ID,NAZEV,ID_OBJEKTU) values ('14','Stanice-Y','28');
Insert into STANICE (ID,NAZEV,ID_OBJEKTU) values ('15','Stanice-Z','29');
Insert into STANICE (ID,NAZEV,ID_OBJEKTU) values ('16','Stanice-W','30');
Insert into STANICE (ID,NAZEV,ID_OBJEKTU) values ('17','Stanice-T','31');
--------------------------------------------------------
--  DDL for Index PK_LINKA
--------------------------------------------------------

  CREATE UNIQUE INDEX "PK_LINKA" ON "LINKA" ("ID") 
  PCTFREE 10 INITRANS 2 MAXTRANS 255 
  STORAGE(INITIAL 65536 NEXT 1048576 MINEXTENTS 1 MAXEXTENTS 2147483645
  PCTINCREASE 0 FREELISTS 1 FREELIST GROUPS 1
  BUFFER_POOL DEFAULT FLASH_CACHE DEFAULT CELL_FLASH_CACHE DEFAULT)
  TABLESPACE "STUDENTS" ;
--------------------------------------------------------
--  DDL for Index PK_STANICE
--------------------------------------------------------

  CREATE UNIQUE INDEX "PK_STANICE" ON "STANICE" ("ID") 
  PCTFREE 10 INITRANS 2 MAXTRANS 255 
  STORAGE(INITIAL 65536 NEXT 1048576 MINEXTENTS 1 MAXEXTENTS 2147483645
  PCTINCREASE 0 FREELISTS 1 FREELIST GROUPS 1
  BUFFER_POOL DEFAULT FLASH_CACHE DEFAULT CELL_FLASH_CACHE DEFAULT)
  TABLESPACE "STUDENTS" ;
--------------------------------------------------------
--  DDL for Index PK_INCIDENT
--------------------------------------------------------

  CREATE UNIQUE INDEX "PK_INCIDENT" ON "INCIDENT" ("ID") 
  PCTFREE 10 INITRANS 2 MAXTRANS 255 
  STORAGE(INITIAL 65536 NEXT 1048576 MINEXTENTS 1 MAXEXTENTS 2147483645
  PCTINCREASE 0 FREELISTS 1 FREELIST GROUPS 1
  BUFFER_POOL DEFAULT FLASH_CACHE DEFAULT CELL_FLASH_CACHE DEFAULT)
  TABLESPACE "STUDENTS" ;
--------------------------------------------------------
--  DDL for Index PK_OBVOD
--------------------------------------------------------

  CREATE UNIQUE INDEX "PK_OBVOD" ON "OBVOD" ("ID") 
  PCTFREE 10 INITRANS 2 MAXTRANS 255 
  STORAGE(INITIAL 65536 NEXT 1048576 MINEXTENTS 1 MAXEXTENTS 2147483645
  PCTINCREASE 0 FREELISTS 1 FREELIST GROUPS 1
  BUFFER_POOL DEFAULT FLASH_CACHE DEFAULT CELL_FLASH_CACHE DEFAULT)
  TABLESPACE "STUDENTS" ;
--------------------------------------------------------
--  DDL for Index PK_MAPA
--------------------------------------------------------

  CREATE UNIQUE INDEX "PK_MAPA" ON "MAPA" ("ID") 
  PCTFREE 10 INITRANS 2 MAXTRANS 255 
  STORAGE(INITIAL 65536 NEXT 1048576 MINEXTENTS 1 MAXEXTENTS 2147483645
  PCTINCREASE 0 FREELISTS 1 FREELIST GROUPS 1
  BUFFER_POOL DEFAULT FLASH_CACHE DEFAULT CELL_FLASH_CACHE DEFAULT)
  TABLESPACE "STUDENTS" ;
--------------------------------------------------------
--  DDL for Index PK_FOTOGRAFIE
--------------------------------------------------------

  CREATE UNIQUE INDEX "PK_FOTOGRAFIE" ON "FOTOGRAFIE" ("ID") 
  PCTFREE 10 INITRANS 2 MAXTRANS 255 
  STORAGE(INITIAL 65536 NEXT 1048576 MINEXTENTS 1 MAXEXTENTS 2147483645
  PCTINCREASE 0 FREELISTS 1 FREELIST GROUPS 1
  BUFFER_POOL DEFAULT FLASH_CACHE DEFAULT CELL_FLASH_CACHE DEFAULT)
  TABLESPACE "STUDENTS" ;
--------------------------------------------------------
--  DDL for Index MAPA_INDEX
--------------------------------------------------------

  CREATE INDEX "MAPA_INDEX" ON "MAPA" ("GEOMETRIE") 
   INDEXTYPE IS "MDSYS"."SPATIAL_INDEX" ;
--------------------------------------------------------
--  DDL for Procedure ROTATE
--------------------------------------------------------
set define off;

  CREATE OR REPLACE EDITIONABLE PROCEDURE "ROTATE" (image_id NUMBER) AS
  image ORDSYS.ORDIMAGE;
BEGIN
  SELECT foto INTO image FROM fotografie WHERE id = image_id FOR UPDATE;
  ORDSYS.ORDIMAGE.process(image,'rotate=90');
  
EXCEPTION
  WHEN OTHERS THEN
    RAISE;
END;


--------------------------------------------------------
--  Constraints for Table STANICE
--------------------------------------------------------

  ALTER TABLE "STANICE" ADD CONSTRAINT "PK_STANICE" PRIMARY KEY ("ID")
  USING INDEX PCTFREE 10 INITRANS 2 MAXTRANS 255 
  STORAGE(INITIAL 65536 NEXT 1048576 MINEXTENTS 1 MAXEXTENTS 2147483645
  PCTINCREASE 0 FREELISTS 1 FREELIST GROUPS 1
  BUFFER_POOL DEFAULT FLASH_CACHE DEFAULT CELL_FLASH_CACHE DEFAULT)
  TABLESPACE "STUDENTS"  ENABLE;
  ALTER TABLE "STANICE" MODIFY ("ID_OBJEKTU" NOT NULL ENABLE);
  ALTER TABLE "STANICE" MODIFY ("ID" NOT NULL ENABLE);
--------------------------------------------------------
--  Constraints for Table MAPA
--------------------------------------------------------

  ALTER TABLE "MAPA" ADD CONSTRAINT "PK_MAPA" PRIMARY KEY ("ID")
  USING INDEX PCTFREE 10 INITRANS 2 MAXTRANS 255 
  STORAGE(INITIAL 65536 NEXT 1048576 MINEXTENTS 1 MAXEXTENTS 2147483645
  PCTINCREASE 0 FREELISTS 1 FREELIST GROUPS 1
  BUFFER_POOL DEFAULT FLASH_CACHE DEFAULT CELL_FLASH_CACHE DEFAULT)
  TABLESPACE "STUDENTS"  ENABLE;
  ALTER TABLE "MAPA" MODIFY ("BARVA" NOT NULL ENABLE);
  ALTER TABLE "MAPA" MODIFY ("ID" NOT NULL ENABLE);
--------------------------------------------------------
--  Constraints for Table LINKA
--------------------------------------------------------

  ALTER TABLE "LINKA" ADD CONSTRAINT "PK_LINKA" PRIMARY KEY ("ID")
  USING INDEX PCTFREE 10 INITRANS 2 MAXTRANS 255 
  STORAGE(INITIAL 65536 NEXT 1048576 MINEXTENTS 1 MAXEXTENTS 2147483645
  PCTINCREASE 0 FREELISTS 1 FREELIST GROUPS 1
  BUFFER_POOL DEFAULT FLASH_CACHE DEFAULT CELL_FLASH_CACHE DEFAULT)
  TABLESPACE "STUDENTS"  ENABLE;
  ALTER TABLE "LINKA" MODIFY ("ID_OBJEKTU" NOT NULL ENABLE);
  ALTER TABLE "LINKA" MODIFY ("ID" NOT NULL ENABLE);
--------------------------------------------------------
--  Constraints for Table INCIDENT
--------------------------------------------------------

  ALTER TABLE "INCIDENT" ADD CONSTRAINT "PK_INCIDENT" PRIMARY KEY ("ID")
  USING INDEX PCTFREE 10 INITRANS 2 MAXTRANS 255 
  STORAGE(INITIAL 65536 NEXT 1048576 MINEXTENTS 1 MAXEXTENTS 2147483645
  PCTINCREASE 0 FREELISTS 1 FREELIST GROUPS 1
  BUFFER_POOL DEFAULT FLASH_CACHE DEFAULT CELL_FLASH_CACHE DEFAULT)
  TABLESPACE "STUDENTS"  ENABLE;
  ALTER TABLE "INCIDENT" MODIFY ("VEK" NOT NULL ENABLE);
  ALTER TABLE "INCIDENT" MODIFY ("POHLAVI" NOT NULL ENABLE);
  ALTER TABLE "INCIDENT" MODIFY ("ZRANENI" NOT NULL ENABLE);
  ALTER TABLE "INCIDENT" MODIFY ("PRICINA" NOT NULL ENABLE);
  ALTER TABLE "INCIDENT" MODIFY ("DATUM" NOT NULL ENABLE);
  ALTER TABLE "INCIDENT" MODIFY ("UDALOST" NOT NULL ENABLE);
  ALTER TABLE "INCIDENT" MODIFY ("STANICE" NOT NULL ENABLE);
  ALTER TABLE "INCIDENT" MODIFY ("ID" NOT NULL ENABLE);
--------------------------------------------------------
--  Constraints for Table FOTOGRAFIE
--------------------------------------------------------

  ALTER TABLE "FOTOGRAFIE" ADD CONSTRAINT "PK_FOTOGRAFIE" PRIMARY KEY ("ID")
  USING INDEX PCTFREE 10 INITRANS 2 MAXTRANS 255 
  STORAGE(INITIAL 65536 NEXT 1048576 MINEXTENTS 1 MAXEXTENTS 2147483645
  PCTINCREASE 0 FREELISTS 1 FREELIST GROUPS 1
  BUFFER_POOL DEFAULT FLASH_CACHE DEFAULT CELL_FLASH_CACHE DEFAULT)
  TABLESPACE "STUDENTS"  ENABLE;
  ALTER TABLE "FOTOGRAFIE" MODIFY ("INCIDENT" NOT NULL ENABLE);
  ALTER TABLE "FOTOGRAFIE" MODIFY ("ID" NOT NULL ENABLE);
--------------------------------------------------------
--  Constraints for Table OBVOD
--------------------------------------------------------

  ALTER TABLE "OBVOD" ADD CONSTRAINT "PK_OBVOD" PRIMARY KEY ("ID")
  USING INDEX PCTFREE 10 INITRANS 2 MAXTRANS 255 
  STORAGE(INITIAL 65536 NEXT 1048576 MINEXTENTS 1 MAXEXTENTS 2147483645
  PCTINCREASE 0 FREELISTS 1 FREELIST GROUPS 1
  BUFFER_POOL DEFAULT FLASH_CACHE DEFAULT CELL_FLASH_CACHE DEFAULT)
  TABLESPACE "STUDENTS"  ENABLE;
  ALTER TABLE "OBVOD" MODIFY ("ID_OBJEKTU" NOT NULL ENABLE);
  ALTER TABLE "OBVOD" MODIFY ("ID" NOT NULL ENABLE);
--------------------------------------------------------
--  Ref Constraints for Table FOTOGRAFIE
--------------------------------------------------------

  ALTER TABLE "FOTOGRAFIE" ADD CONSTRAINT "FK_FOTOGRAFIE_INCIDENT" FOREIGN KEY ("INCIDENT")
	  REFERENCES "INCIDENT" ("ID") ON DELETE CASCADE ENABLE;
--------------------------------------------------------
--  Ref Constraints for Table INCIDENT
--------------------------------------------------------

  ALTER TABLE "INCIDENT" ADD CONSTRAINT "FK_INCIDENT_STANICE" FOREIGN KEY ("STANICE")
	  REFERENCES "STANICE" ("ID") ON DELETE CASCADE ENABLE;
--------------------------------------------------------
--  Ref Constraints for Table LINKA
--------------------------------------------------------

  ALTER TABLE "LINKA" ADD CONSTRAINT "FK_LINKA_MAPA" FOREIGN KEY ("ID_OBJEKTU")
	  REFERENCES "MAPA" ("ID") ON DELETE CASCADE ENABLE;
--------------------------------------------------------
--  Ref Constraints for Table OBVOD
--------------------------------------------------------

  ALTER TABLE "OBVOD" ADD CONSTRAINT "FK_OBVOD_MAPA" FOREIGN KEY ("ID_OBJEKTU")
	  REFERENCES "MAPA" ("ID") ON DELETE CASCADE ENABLE;
--------------------------------------------------------
--  Ref Constraints for Table STANICE
--------------------------------------------------------

  ALTER TABLE "STANICE" ADD CONSTRAINT "FK_STANICE_MAPA" FOREIGN KEY ("ID_OBJEKTU")
	  REFERENCES "MAPA" ("ID") ON DELETE CASCADE ENABLE;
